1;14-09-2023
2;11-02-2023
3;12-11-2021
4;11-03-2022
5;22-04-2023
6;08-12-2022
7;13-09-2023
8;19-07-2023
9;20-08-2023
10;15-07-2023
11;09-01-2025
12;06-05-2022
13;19-09-2023
14;19-10-2022
15;30-08-2022
16;25-01-2023
17;02-11-2022
18;29-07-2023
19;09-02-2022
20;25-04-2023
21;06-10-2022
22;20-09-2023
23;17-05-2023
24;19-04-2022
25;11-03-2022
26;15-03-2023
27;20-07-2022
28;03-07-2023
29;12-11-2021
30;05-04-2023
31;12-01-2022
32;22-01-2022
33;22-11-2022
34;25-03-2022
35;04-10-2022
36;10-03-2023
37;28-01-2023
38;13-01-2022
39;10-04-2022
40;12-10-2021
41;20-11-2021
42;16-02-2022
43;07-12-2022
44;09-11-2022
45;08-03-2022
46;10-06-2023
47;04-12-2022
48;13-12-2022
49;17-07-2022
50;31-10-2022
51;28-03-2022
52;05-11-2022
53;19-01-2023
54;18-11-2021
55;05-03-2023
56;12-11-2022
57;13-01-2023
58;05-04-2024
59;12-09-2023
60;29-03-2023
61;04-06-2023
62;28-01-2022
63;21-03-2023
64;05-08-2023
65;11-06-2023
66;01-06-2023
67;22-12-2021
68;01-02-2024
69;17-11-2021
70;21-07-2022
71;05-07-2022
72;13-05-2022
73;09-08-2023
74;30-06-2022
75;20-06-2023
76;10-03-2023
77;12-05-2023
78;05-01-2022
79;02-07-2023
80;16-02-2023
81;27-08-2022
82;09-11-2022
83;09-09-2023
84;30-01-2023
85;26-06-2023
86;17-10-2022
87;07-10-2022
88;22-04-2023
89;04-08-2023
90;19-06-2023
91;09-03-2023
92;01-03-2023
93;14-05-2023
94;03-05-2025
95;25-09-2023
96;12-05-2023
97;10-12-2022
98;18-01-2023
99;30-12-2022
100;22-07-2022
101;02-07-2022
102;22-03-2023
103;22-08-2022
104;18-10-2021
105;11-06-2023
106;23-06-2022
107;28-03-2023
108;21-12-2022
109;28-08-2022
110;03-01-2022
111;31-10-2021
112;31-12-2022
113;06-02-2022
114;26-03-2023
115;10-10-2021
116;17-02-2023
117;07-09-2022
118;18-03-2022
119;12-08-2021
120;19-07-2022
121;16-09-2023
122;12-06-2023
123;09-07-2023
124;09-07-2022
125;21-05-2023
126;09-12-2022
127;03-12-2023
128;09-02-2025
129;09-11-2021
130;15-12-2021
131;15-07-2023
132;14-11-2022
133;28-07-2022
134;18-04-2022
135;02-03-2022
136;23-06-2023
137;05-05-2023
138;24-03-2022
139;09-04-2022
140;14-06-2022
141;19-06-2023
142;19-07-2023
143;14-01-2022
144;29-09-2022
145;28-07-2022
146;28-06-2023
147;18-06-2023
148;11-04-2022
149;02-09-2024
150;22-04-2022
151;25-01-2023
152;01-05-2023
153;05-02-2023
154;09-06-2023
155;03-05-2022
156;22-11-2022
157;29-01-2023
158;16-03-2023
159;10-12-2021
160;24-10-2022
161;01-05-2023
162;18-04-2022
163;03-02-2022
164;24-12-2021
165;07-11-2021
166;03-02-2023
167;10-04-2022
168;19-11-2021
169;01-07-2023
170;21-01-2022
171;13-01-2022
172;04-04-2022
173;04-05-2022
174;07-04-2023
175;08-10-2022
176;29-03-2022
177;04-11-2022
178;07-01-2022
179;09-08-2023
180;13-04-2023
181;14-02-2023
182;11-12-2021
183;09-06-2023
184;03-07-2023
185;10-06-2023
186;31-01-2023
187;11-11-2021
188;01-02-2025
189;10-06-2022
190;15-10-2021
191;21-02-2023
192;10-12-2022
193;28-11-2021
194;25-01-2022
195;23-10-2022
196;27-10-2022
197;02-12-2022
198;02-09-2023
199;22-02-2023
200;24-02-2023
201;28-11-2022
202;01-04-2023
203;07-09-2022
204;25-04-2023
205;06-01-2023
206;26-06-2023
207;06-12-2022
208;23-09-2023
209;04-05-2022
210;22-09-2023
211;21-08-2023
212;19-02-2023
213;10-02-2023
214;27-09-2022
215;01-11-2022
216;18-09-2022
217;08-10-2022
218;10-11-2022
219;21-07-2022
220;11-01-2023
221;20-05-2022
222;09-11-2021
223;06-11-2022
224;12-01-2022
225;09-05-2023
226;20-03-2022
227;17-10-2022
228;03-04-2022
229;05-08-2023
230;11-12-2022
231;01-04-2023
232;20-03-2022
233;09-06-2022
234;12-09-2023
235;07-02-2023
236;04-08-2022
237;28-11-2022
238;20-05-2022
239;22-01-2022
240;09-08-2022
241;01-11-2021
242;08-04-2022
243;26-11-2021
244;19-11-2021
245;25-09-2022
246;26-07-2023
247;04-04-2023
248;22-10-2021
249;23-08-2023
250;20-06-2022
251;15-01-2022
252;08-11-2022
253;08-06-2023
254;09-04-2022
255;20-03-2022
256;11-05-2022
257;08-11-2022
258;11-06-2023
259;16-12-2022
260;06-05-2023
261;14-08-2022
262;26-11-2021
263;30-07-2022
264;16-07-2022
265;04-09-2023
266;09-10-2021
267;04-02-2024
268;23-10-2022
269;29-09-2021
270;06-08-2023
271;15-04-2023
272;29-10-2021
273;24-12-2021
274;07-06-2022
275;03-10-2022
276;15-11-2022
277;05-05-2023
278;15-02-2023
279;13-11-2021
280;23-05-2022
281;18-11-2022
282;14-05-2022
283;04-04-2023
284;10-12-2022
285;04-03-2023
286;16-02-2023
287;08-12-2021
288;01-07-2023
289;11-07-2023
290;29-05-2023
291;20-06-2023
292;24-02-2023
293;28-07-2022
294;01-07-2022
295;22-10-2022
296;17-02-2022
297;05-09-2022
298;16-05-2022
299;08-09-2023
300;10-08-2023
301;27-11-2022
302;30-07-2022
303;23-01-2022
304;22-03-2023
305;19-02-2022
306;01-05-2023
307;25-04-2023
308;01-08-2023
309;23-02-2023
310;18-05-2022
311;05-01-2023
312;04-09-2022
313;13-08-2022
314;27-04-2023
315;09-02-2023
316;25-01-2023
317;01-07-2023
318;20-01-2023
319;03-06-2022
320;13-03-2022
321;28-06-2022
322;14-05-2023
323;10-08-2022
324;04-10-2022
325;02-11-2024
326;05-12-2021
327;18-09-2022
328;16-07-2023
329;10-10-2022
330;29-08-2022
331;22-08-2022
332;25-10-2021
333;06-08-2023
334;14-03-2022
335;04-03-2023
336;19-11-2021
337;05-10-2023
338;16-05-2022
339;05-03-2023
340;14-07-2022
341;01-12-2022
342;22-12-2022
343;18-08-2022
344;04-03-2023
345;02-03-2022
346;23-05-2022
347;25-07-2022
348;07-10-2021
349;27-05-2023
350;30-10-2021
351;18-01-2022
352;07-12-2022
353;16-09-2022
354;01-02-2022
355;24-08-2022
356;23-07-2022
357;16-03-2022
358;26-01-2022
359;19-12-2022
360;03-05-2022
361;03-04-2023
362;04-06-2023
363;21-04-2023
364;10-02-2023
365;08-07-2023
366;13-05-2022
367;21-08-2023
368;07-02-2022
369;28-06-2022
370;28-02-2022
371;03-05-2022
372;18-05-2022
373;15-06-2022
374;25-12-2021
375;07-04-2022
376;19-08-2023
377;10-12-2022
378;17-06-2023
379;05-06-2023
380;29-11-2021
381;12-12-2022
382;08-07-2022
383;27-04-2022
384;24-04-2023
385;01-07-2023
386;31-08-2023
387;02-04-2024
388;03-04-2022
389;14-10-2021
390;07-09-2022
391;12-03-2021
392;10-09-2023
393;26-01-2022
394;23-01-2023
395;10-02-2023
396;17-02-2023
397;19-02-2023
398;05-09-2022
399;07-05-2023
400;03-05-2023
401;08-12-2021
402;08-07-2023
403;04-01-2024
404;04-02-2023
405;05-09-2023
406;09-08-2023
407;07-07-2022
408;07-03-2022
409;20-06-2023
410;28-10-2021
411;17-04-2023
412;22-06-2022
413;29-11-2022
414;29-12-2022
415;18-02-2022
416;26-10-2021
417;29-07-2022
418;13-06-2023
419;06-10-2022
420;09-12-2022
421;02-10-2021
422;05-03-2025
423;10-01-2022
424;10-08-2023
425;28-05-2023
426;17-08-2022
427;10-08-2023
428;22-07-2022
429;15-09-2022
430;14-02-2022
431;29-11-2021
432;08-07-2022
433;21-09-2023
434;07-10-2021
435;20-02-2023
436;08-08-2023
437;19-02-2023
438;09-11-2021
439;31-07-2022
440;21-03-2022
441;18-07-2023
442;16-12-2022
443;16-05-2023
444;08-06-2024
445;27-02-2022
446;12-07-2021
447;08-04-2023
448;06-01-2022
449;14-07-2023
450;30-09-2022
451;24-11-2022
452;23-01-2023
453;04-02-2023
454;14-10-2022
455;01-01-2024
456;25-04-2022
457;30-09-2022
458;17-12-2021
459;29-10-2022
460;19-01-2023
461;14-01-2023
462;05-10-2022
463;06-10-2021
464;14-11-2021
465;05-12-2022
466;01-07-2023
467;19-04-2022
468;28-02-2022
469;15-07-2023
470;29-03-2022
471;17-08-2023
472;17-05-2023
473;14-02-2023
474;19-06-2022
475;22-04-2023
476;03-06-2022
477;12-02-2022
478;26-04-2023
479;15-07-2022
480;15-10-2021
481;17-08-2022
482;24-05-2022
483;09-09-2023
484;16-03-2023
485;30-08-2023
486;08-11-2021
487;16-03-2022
488;22-11-2022
489;09-02-2022
490;27-05-2023
491;03-05-2023
492;15-01-2023
493;19-03-2023
494;16-09-2023
495;14-02-2023
496;02-08-2022
497;21-12-2021
498;29-05-2023
499;22-01-2023
500;22-04-2022
501;19-03-2023
502;08-08-2022
503;23-06-2022
504;04-10-2022
505;08-11-2023
506;16-03-2023
507;28-10-2021
508;17-03-2022
509;12-02-2022
510;13-09-2022
511;14-10-2022
512;04-11-2022
513;24-07-2022
514;07-03-2022
515;01-12-2021
516;20-06-2023
517;17-06-2022
518;17-09-2023
519;03-04-2023
520;01-01-2024
521;01-09-2023
522;26-10-2021
523;21-07-2023
524;05-08-2023
525;12-04-2023
526;11-03-2022
527;15-12-2022
528;19-09-2022
529;13-05-2022
530;05-07-2023
531;10-07-2023
532;29-10-2021
533;17-04-2023
534;22-02-2022
535;25-07-2023
536;13-12-2021
537;22-06-2023
538;01-12-2021
539;02-07-2022
540;27-10-2021
541;29-07-2023
542;08-05-2023
543;04-03-2022
544;30-01-2022
545;30-09-2021
546;14-03-2022
547;26-08-2022
548;14-10-2022
549;10-11-2022
550;19-09-2023
551;14-03-2023
552;18-06-2022
553;09-03-2023
554;07-03-2022
555;05-01-2022
556;03-04-2023
557;12-04-2023
558;05-09-2023
559;28-10-2021
560;11-01-2022
561;08-11-2022
562;03-05-2023
563;15-12-2021
564;06-08-2023
565;10-06-2022
566;05-02-2023
567;14-05-2022
568;17-11-2022
569;10-07-2024
570;16-02-2022
571;30-07-2022
572;17-07-2023
573;19-06-2022
574;31-12-2022
575;23-11-2021
576;30-07-2022
577;06-07-2023
578;30-04-2022
579;09-09-2022
580;02-04-2023
581;08-04-2022
582;30-12-2022
583;18-09-2023
584;05-01-2022
585;07-07-2023
586;09-07-2022
587;24-12-2022
588;04-03-2023
589;31-10-2021
590;15-07-2022
591;07-05-2022
592;28-11-2022
593;06-10-2021
594;20-06-2022
595;11-08-2022
596;20-08-2023
597;03-09-2022
598;26-01-2022
599;05-07-2023
600;12-07-2023
601;24-12-2021
602;18-04-2022
603;16-10-2022
604;28-11-2022
605;31-01-2023
606;25-01-2022
607;06-02-2022
608;08-09-2023
609;10-05-2023
610;25-06-2023
611;06-04-2023
612;03-02-2022
613;24-08-2022
614;13-03-2022
615;09-04-2023
616;04-06-2022
617;09-07-2022
618;04-06-2022
619;18-03-2023
620;28-06-2023
621;28-02-2023
622;07-01-2023
623;14-04-2022
624;01-02-2022
625;14-01-2023
626;21-10-2022
627;18-09-2022
628;30-12-2021
629;13-07-2023
630;03-02-2023
631;24-11-2021
632;20-12-2022
633;21-03-2022
634;26-06-2022
635;05-05-2022
636;02-09-2023
637;30-03-2023
638;02-04-2025
639;19-04-2022
640;13-09-2023
641;28-11-2021
642;05-01-2023
643;11-04-2024
644;14-05-2023
645;31-08-2022
646;26-02-2022
647;16-03-2022
648;15-04-2023
649;06-10-2021
650;10-12-2022
651;23-09-2023
652;27-03-2022
653;02-01-2022
654;08-12-2021
655;03-05-2022
656;28-01-2022
657;27-08-2023
658;17-11-2021
659;07-07-2022
660;12-07-2023
661;11-01-2022
662;17-04-2023
663;04-09-2023
664;09-06-2022
665;22-05-2023
666;22-06-2022
667;15-02-2023
668;02-11-2022
669;06-04-2023
670;18-04-2023
671;06-07-2023
672;19-08-2023
673;10-09-2022
674;05-08-2022
675;31-12-2021
676;17-01-2023
677;21-07-2023
678;01-02-2022
679;07-11-2021
680;21-08-2022
681;03-08-2022
682;31-05-2023
683;17-12-2022
684;23-12-2021
685;12-09-2023
686;26-03-2023
687;30-01-2023
688;14-12-2022
689;01-01-2023
690;07-06-2023
691;29-08-2022
692;18-07-2023
693;23-11-2021
694;16-10-2021
695;27-06-2023
696;13-03-2022
697;25-05-2023
698;06-12-2022
699;24-04-2023
700;02-07-2022
701;05-09-2022
702;26-02-2022
703;11-07-2022
704;27-08-2022
705;14-02-2022
706;19-08-2023
707;29-05-2023
708;25-02-2022
709;16-11-2021
710;13-06-2022
711;04-09-2022
712;15-07-2022
713;06-05-2023
714;24-01-2023
715;03-03-2023
716;26-07-2022
717;14-12-2021
718;09-03-2023
719;08-12-2021
720;10-02-2022
721;09-05-2022
722;26-06-2022
723;10-12-2022
724;27-01-2023
725;07-04-2024
726;05-03-2024
727;28-02-2022
728;08-12-2021
729;07-04-2024
730;04-06-2024
731;07-11-2021
732;03-01-2023
733;04-05-2025
734;01-07-2023
735;17-08-2022
736;04-08-2023
737;27-11-2021
738;11-05-2022
739;04-04-2022
740;22-04-2022
741;09-01-2024
742;15-08-2023
743;03-11-2024
744;17-01-2023
745;24-10-2022
746;21-09-2022
747;11-04-2022
748;25-11-2022
749;03-03-2022
750;05-03-2023
751;03-03-2022
752;12-04-2022
753;26-09-2023
754;09-10-2022
755;12-01-2023
756;19-08-2023
757;05-03-2022
758;15-03-2022
759;01-01-2023
760;10-12-2021
761;24-10-2022
762;29-04-2023
763;27-11-2022
764;15-11-2021
765;12-05-2023
766;30-04-2023
767;03-03-2023
768;31-12-2022
769;31-05-2023
770;15-06-2022
771;22-06-2022
772;06-06-2022
773;08-07-2025
774;20-01-2022
775;13-12-2021
776;30-09-2022
777;13-01-2023
778;01-07-2022
779;05-04-2022
780;19-01-2022
781;19-03-2022
782;29-11-2022
783;09-01-2022
784;26-11-2021
785;03-05-2023
786;28-09-2021
787;25-02-2023
788;19-07-2023
789;19-09-2023
790;24-11-2022
791;14-01-2022
792;05-09-2024
793;02-08-2023
794;29-11-2022
795;21-12-2022
796;10-10-2022
797;23-03-2023
798;07-02-2024
799;18-03-2022
800;11-05-2023
801;24-04-2022
802;24-12-2022
803;05-09-2022
804;20-11-2021
805;04-05-2022
806;26-03-2023
807;19-12-2021
808;31-03-2023
809;08-03-2022
810;10-11-2021
811;02-07-2023
812;28-12-2021
813;15-06-2023
814;31-10-2021
815;09-06-2023
816;24-11-2021
817;13-12-2021
818;17-03-2023
819;03-06-2024
820;15-12-2022
821;29-10-2021
822;11-05-2023
823;06-04-2023
824;30-08-2022
825;25-07-2023
826;07-06-2023
827;02-02-2023
828;27-07-2022
829;22-11-2022
830;19-12-2022
831;27-08-2022
832;11-06-2022
833;24-11-2022
834;21-09-2022
835;09-01-2025
836;09-01-2023
837;10-08-2023
838;31-12-2021
839;12-11-2021
840;25-07-2023
841;17-07-2022
842;17-08-2022
843;12-08-2022
844;24-08-2022
845;19-08-2023
846;24-05-2023
847;14-11-2021
848;21-09-2023
849;07-06-2025
850;24-05-2023
851;12-05-2023
852;19-09-2023
853;29-01-2023
854;10-04-2022
855;09-04-2022
856;10-08-2023
857;31-08-2023
858;29-07-2023
859;10-09-2023
860;29-08-2023
861;05-04-2022
862;26-01-2023
863;05-02-2024
864;04-06-2024
865;08-04-2023
866;04-08-2022
867;25-03-2022
868;07-10-2021
869;05-05-2022
870;10-12-2021
871;01-05-2023
872;06-12-2021
873;26-01-2023
874;16-10-2021
875;31-10-2021
876;26-11-2021
877;18-09-2023
878;22-04-2023
879;12-04-2023
880;30-04-2022
881;02-07-2023
882;08-05-2023
883;15-02-2022
884;03-02-2023
885;29-04-2023
886;19-05-2023
887;12-04-2023
888;21-02-2023
889;28-03-2022
890;08-07-2022
891;11-01-2023
892;25-12-2021
893;15-02-2023
894;21-05-2023
895;19-08-2023
896;12-08-2023
897;10-01-2022
898;17-02-2022
899;02-04-2022
900;19-05-2023
901;08-06-2023
902;04-10-2022
903;18-05-2022
904;07-08-2022
905;30-05-2022
906;04-06-2023
907;01-12-2021
908;01-08-2022
909;02-04-2023
910;23-10-2022
911;12-02-2023
912;23-07-2022
913;21-08-2022
914;06-02-2023
915;06-08-2023
916;12-04-2023
917;16-02-2022
918;01-11-2022
919;27-05-2022
920;25-01-2023
921;07-10-2022
922;09-11-2023
923;22-04-2022
924;16-05-2022
925;06-10-2021
926;12-09-2022
927;06-10-2021
928;30-10-2022
929;23-07-2022
930;17-04-2022
931;04-12-2021
932;05-02-2023
933;12-09-2023
934;04-03-2025
935;12-07-2023
936;12-09-2022
937;29-08-2022
938;26-06-2023
939;13-07-2022
940;06-11-2021
941;09-03-2022
942;11-09-2021
943;07-02-2023
944;23-03-2023
945;29-01-2022
946;07-04-2023
947;13-05-2023
948;23-09-2022
949;18-02-2022
950;08-04-2023
951;04-05-2022
952;12-10-2022
953;23-02-2023
954;17-07-2023
955;20-06-2023
956;22-12-2022
957;01-05-2022
958;10-04-2022
959;13-11-2022
960;28-09-2021
961;25-08-2023
962;09-07-2023
963;21-06-2022
964;29-10-2021
965;01-01-2022
966;31-05-2023
967;11-08-2022
968;23-10-2022
969;27-09-2023
970;20-09-2022
971;31-03-2023
972;02-01-2022
973;24-09-2022
974;10-06-2023
975;04-06-2023
976;08-04-2022
977;19-07-2022
978;07-03-2022
979;26-07-2022
980;26-07-2023
981;10-11-2022
982;06-07-2022
983;12-10-2022
984;03-05-2022
985;29-06-2023
986;25-05-2022
987;21-07-2022
988;19-11-2021
989;03-06-2023
990;18-12-2021
991;31-05-2022
992;26-07-2022
993;05-04-2023
994;14-01-2023
995;11-08-2022
996;09-06-2024
997;13-07-2022
998;03-04-2023
999;09-08-2022
1000;09-05-2022
1001;23-04-2023
1002;10-05-2022
1003;01-04-2022
1004;14-04-2023
1005;24-01-2023
1006;28-06-2023
1007;16-01-2023
1008;09-05-2023
1009;24-09-2023
1010;03-11-2022
1011;16-12-2021
1012;04-05-2023
1013;20-05-2022
1014;13-12-2022
1015;19-01-2023
1016;27-02-2022
1017;31-07-2022
1018;02-03-2023
1019;20-06-2022
1020;28-07-2023
1021;12-08-2022
1022;09-07-2022
1023;10-10-2022
1024;23-06-2022
1025;08-06-2022
1026;10-03-2023
1027;24-01-2023
1028;06-11-2023
1029;12-05-2022
1030;12-06-2023
1031;27-08-2022
1032;08-11-2021
1033;06-09-2022
1034;16-04-2023
1035;24-12-2021
1036;10-03-2024
1037;28-07-2023
1038;14-02-2023
1039;21-05-2023
1040;20-01-2023
1041;05-10-2023
1042;03-01-2023
1043;05-07-2023
1044;30-10-2021
1045;01-11-2022
1046;24-10-2021
1047;04-11-2021
1048;12-06-2024
1049;07-12-2021
1050;08-10-2022
1051;18-10-2021
1052;26-09-2022
1053;08-12-2022
1054;25-05-2023
1055;09-02-2022
1056;10-12-2021
1057;03-03-2023
1058;14-04-2022
1059;11-07-2022
1060;09-04-2023
1061;10-04-2022
1062;08-04-2023
1063;30-01-2023
1064;28-01-2022
1065;05-11-2022
1066;09-06-2022
1067;15-01-2023
1068;03-05-2023
1069;09-10-2021
1070;01-07-2023
1071;08-08-2023
1072;04-01-2022
1073;05-11-2022
1074;11-09-2022
1075;28-10-2022
1076;28-09-2023
1077;16-09-2023
1078;25-09-2023
1079;30-11-2021
1080;24-03-2022
1081;04-11-2022
1082;30-10-2021
1083;17-05-2023
1084;06-02-2023
1085;21-11-2021
1086;10-08-2023
1087;09-08-2023
1088;02-05-2022
1089;26-04-2023
1090;16-09-2023
1091;30-09-2022
1092;13-03-2022
1093;18-02-2023
1094;23-01-2023
1095;02-12-2023
1096;25-05-2023
1097;31-05-2022
1098;03-07-2023
1099;23-04-2023
1100;04-01-2025
1101;18-08-2022
1102;13-09-2022
1103;02-11-2022
1104;22-06-2023
1105;03-10-2021
1106;16-10-2022
1107;17-10-2022
1108;13-04-2022
1109;03-10-2021
1110;17-11-2022
1111;09-08-2022
1112;08-02-2023
1113;18-05-2023
1114;27-08-2023
1115;28-11-2022
1116;18-12-2022
1117;02-01-2022
1118;19-11-2021
1119;28-04-2022
1120;19-11-2021
1121;01-09-2023
1122;20-07-2023
1123;01-05-2023
1124;30-12-2021
1125;02-10-2021
1126;30-06-2023
1127;04-07-2022
1128;25-05-2023
1129;03-04-2023
1130;12-12-2021
1131;06-08-2022
1132;11-04-2022
1133;22-11-2022
1134;10-04-2023
1135;07-10-2021
1136;18-05-2022
1137;22-01-2022
1138;11-09-2023
1139;18-02-2023
1140;03-03-2023
1141;12-12-2022
1142;25-06-2023
1143;09-10-2021
1144;17-04-2023
1145;15-05-2022
1146;04-01-2023
1147;31-07-2022
1148;06-04-2022
1149;18-03-2022
1150;21-04-2023
1151;09-03-2025
1152;24-12-2021
1153;06-01-2022
1154;27-09-2022
1155;10-08-2023
1156;11-11-2021
1157;26-08-2023
1158;07-01-2022
1159;18-05-2022
1160;19-06-2023
1161;27-08-2022
1162;17-01-2022
1163;13-09-2023
1164;20-04-2023
1165;29-11-2022
1166;04-01-2022
1167;25-11-2021
1168;08-01-2023
1169;09-01-2024
1170;27-10-2021
1171;03-08-2023
1172;24-07-2022
1173;09-11-2021
1174;20-01-2023
1175;05-05-2022
1176;09-01-2022
1177;31-01-2023
1178;18-03-2022
1179;19-03-2022
1180;20-11-2022
1181;31-01-2023
1182;09-09-2023
1183;12-06-2023
1184;27-10-2022
1185;07-02-2024
1186;19-05-2023
1187;26-06-2022
1188;14-02-2022
1189;03-01-2022
1190;16-08-2023
1191;15-04-2023
1192;03-07-2023
1193;21-05-2022
1194;28-07-2023
1195;17-02-2022
1196;06-06-2024
1197;22-05-2023
1198;21-08-2022
1199;23-03-2023
1200;13-10-2021
1201;23-04-2022
1202;26-02-2023
1203;16-12-2021
1204;13-06-2023
1205;21-04-2022
1206;27-02-2023
1207;10-09-2021
1208;11-09-2023
1209;29-05-2022
1210;20-10-2021
1211;03-08-2022
1212;07-08-2023
1213;15-06-2023
1214;29-09-2022
1215;06-12-2022
1216;14-04-2022
1217;23-08-2022
1218;23-01-2023
1219;18-12-2022
1220;18-04-2023
1221;10-11-2022
1222;18-01-2023
1223;11-11-2021
1224;07-01-2022
1225;14-05-2022
1226;21-07-2023
1227;16-09-2023
1228;23-10-2022
1229;18-09-2022
1230;01-12-2022
1231;20-08-2022
1232;17-09-2023
1233;22-06-2023
1234;25-07-2023
1235;14-07-2022
1236;11-02-2022
1237;04-04-2024
1238;03-04-2024
1239;26-08-2023
1240;07-06-2023
1241;03-05-2022
1242;12-11-2021
1243;01-02-2022
1244;12-07-2022
1245;20-12-2022
1246;04-09-2022
1247;26-01-2022
1248;30-11-2021
1249;08-10-2024
1250;08-07-2022
1251;26-10-2021
1252;04-04-2022
1253;26-03-2022
1254;09-03-2023
1255;09-04-2022
1256;23-03-2023
1257;04-01-2022
1258;06-11-2022
1259;26-03-2023
1260;29-03-2022
1261;20-01-2022
1262;12-09-2023
1263;26-10-2022
1264;31-10-2021
1265;05-09-2024
1266;28-08-2023
1267;08-12-2021
1268;10-02-2023
1269;06-08-2023
1270;16-03-2022
1271;02-06-2022
1272;23-01-2022
1273;09-05-2022
1274;04-08-2022
1275;19-04-2023
1276;28-06-2022
1277;19-06-2022
1278;31-07-2022
1279;27-07-2023
1280;11-10-2022
1281;29-03-2022
1282;28-04-2022
1283;07-08-2024
1284;29-10-2022
1285;22-12-2021
1286;20-01-2023
1287;07-06-2023
1288;21-09-2023
1289;02-10-2021
1290;04-01-2023
1291;05-03-2024
1292;11-06-2023
1293;03-05-2023
1294;13-09-2023
1295;22-11-2022
1296;28-01-2023
1297;22-10-2021
1298;06-08-2023
1299;10-01-2021
1300;22-12-2022
1301;03-10-2021
1302;27-12-2021
1303;14-04-2022
1304;11-07-2023
1305;03-06-2023
1306;17-05-2022
1307;16-06-2022
1308;05-12-2021
1309;03-06-2023
1310;02-02-2022
1311;04-02-2022
1312;20-05-2023
1313;20-09-2022
1314;07-09-2022
1315;19-05-2022
1316;14-06-2023
1317;23-04-2023
1318;11-05-2022
1319;09-06-2024
1320;15-04-2022
1321;07-10-2022
1322;22-01-2023
1323;28-03-2023
1324;26-11-2022
1325;09-10-2021
1326;26-02-2023
1327;05-05-2023
1328;19-12-2022
1329;01-02-2023
1330;30-12-2022
1331;26-03-2023
1332;14-02-2022
1333;21-04-2022
1334;05-12-2021
1335;08-09-2023
1336;30-06-2023
1337;06-03-2022
1338;17-12-2021
1339;23-06-2023
1340;21-10-2022
1341;05-01-2022
1342;02-10-2024
1343;23-11-2022
1344;27-06-2022
1345;04-04-2023
1346;18-01-2023
1347;19-06-2023
1348;29-06-2022
1349;08-01-2024
1350;24-10-2021
1351;07-04-2023
1352;02-01-2022
1353;09-11-2022
1354;01-08-2022
1355;03-05-2022
1356;18-11-2022
1357;08-01-2023
1358;26-09-2023
1359;13-01-2022
1360;22-08-2023
1361;08-11-2021
1362;17-05-2023
1363;17-10-2022
1364;17-01-2022
1365;09-04-2023
1366;22-12-2021
1367;02-12-2022
1368;30-06-2022
1369;02-03-2022
1370;17-03-2023
1371;09-03-2023
1372;17-12-2022
1373;06-11-2022
1374;02-05-2023
1375;04-12-2022
1376;30-03-2023
1377;04-10-2021
1378;09-11-2023
1379;03-06-2023
1380;05-07-2025
1381;04-06-2023
1382;07-04-2023
1383;30-10-2021
1384;02-04-2023
1385;01-06-2022
1386;10-02-2022
1387;27-09-2023
1388;05-04-2023
1389;25-02-2023
1390;20-09-2022
1391;03-06-2022
1392;23-02-2022
1393;10-02-2022
1394;06-03-2022
1395;22-06-2022
1396;02-10-2022
1397;05-11-2022
1398;11-02-2023
1399;03-10-2022
1400;05-04-2023
1401;24-01-2022
1402;22-04-2022
1403;18-03-2022
1404;25-10-2021
1405;27-10-2021
1406;25-05-2023
1407;17-05-2022
1408;06-05-2022
1409;15-03-2022
1410;16-09-2022
1411;05-03-2022
1412;06-11-2022
1413;26-06-2023
1414;01-11-2021
1415;07-05-2022
1416;28-03-2022
1417;23-10-2022
1418;07-02-2023
1419;22-09-2023
1420;25-09-2023
1421;05-05-2023
1422;02-08-2023
1423;12-08-2022
1424;27-06-2022
1425;26-05-2023
1426;22-04-2023
1427;01-07-2022
1428;27-02-2023
1429;25-11-2022
1430;08-09-2023
1431;30-09-2022
1432;06-09-2023
1433;09-01-2023
1434;04-03-2023
1435;14-09-2023
1436;21-09-2022
1437;23-06-2023
1438;11-02-2022
1439;06-12-2021
1440;02-12-2021
1441;12-05-2022
1442;17-08-2022
1443;03-11-2022
1444;14-05-2023
1445;10-12-2022
1446;22-02-2022
1447;08-02-2025
1448;16-08-2022
1449;08-09-2022
1450;07-02-2023
1451;01-08-2023
1452;19-11-2022
1453;11-07-2022
1454;17-12-2022
1455;05-02-2022
1456;09-06-2023
1457;23-02-2023
1458;04-10-2022
1459;07-06-2022
1460;17-09-2023
1461;25-04-2023
1462;16-09-2022
1463;13-08-2022
1464;28-02-2023
1465;27-01-2023
1466;16-04-2023
1467;22-12-2021
1468;08-08-2023
1469;21-12-2021
1470;19-01-2023
1471;10-03-2023
1472;06-04-2022
1473;07-03-2025
1474;07-09-2022
1475;30-12-2022
1476;08-04-2023
1477;18-12-2022
1478;07-09-2022
1479;10-11-2021
1480;27-11-2021
1481;19-12-2021
1482;24-10-2022
1483;23-08-2022
1484;12-07-2023
1485;02-10-2021
1486;09-02-2022
1487;03-03-2024
1488;02-09-2022
1489;17-09-2023
1490;12-02-2022
1491;29-09-2022
1492;01-03-2023
1493;14-09-2022
1494;18-06-2023
1495;01-02-2024
1496;28-04-2023
1497;03-04-2022
1498;14-12-2022
1499;22-10-2021
1500;30-07-2022
1501;04-06-2022
1502;03-12-2022
1503;10-03-2023
1504;13-01-2022
1505;06-04-2022
1506;09-11-2022
1507;11-10-2022
1508;30-03-2022
1509;17-03-2022
1510;03-01-2022
1511;22-01-2022
1512;03-08-2023
1513;03-12-2023
1514;15-02-2022
1515;25-07-2023
1516;28-07-2023
1517;21-11-2021
1518;08-11-2022
1519;20-12-2021
1520;18-09-2023
1521;22-01-2023
1522;16-12-2021
1523;25-01-2023
1524;03-04-2023
1525;05-11-2022
1526;04-09-2023
1527;12-01-2022
1528;04-12-2022
1529;22-02-2023
1530;18-07-2023
1531;06-02-2022
1532;20-04-2023
1533;14-04-2023
1534;25-02-2023
1535;19-09-2023
1536;23-09-2022
1537;13-05-2022
1538;25-03-2023
1539;01-06-2023
1540;25-06-2023
1541;13-01-2022
1542;16-11-2021
1543;29-01-2023
1544;13-03-2023
1545;27-06-2023
1546;01-06-2023
1547;14-08-2022
1548;14-03-2022
1549;09-05-2024
1550;22-12-2021
1551;28-07-2022
1552;15-10-2022
1553;08-08-2022
1554;26-09-2023
1555;12-06-2022
1556;15-01-2022
1557;25-11-2021
1558;22-07-2022
1559;12-12-2022
1560;14-05-2023
1561;02-11-2022
1562;09-05-2022
1563;16-03-2022
1564;20-08-2022
1565;28-07-2022
1566;08-12-2021
1567;26-01-2022
1568;09-08-2023
1569;10-05-2022
1570;15-12-2021
1571;23-08-2022
1572;04-06-2023
1573;02-02-2023
1574;29-03-2022
1575;07-12-2022
1576;08-03-2023
1577;01-09-2022
1578;30-09-2021
1579;03-04-2024
1580;28-07-2022
1581;11-06-2023
1582;04-10-2024
1583;12-09-2023
1584;29-07-2022
1585;13-04-2022
1586;05-01-2023
1587;09-08-2023
1588;29-09-2022
1589;13-12-2022
1590;21-04-2023
1591;09-10-2023
1592;11-01-2023
1593;16-01-2022
1594;11-01-2021
1595;23-03-2022
1596;19-06-2023
1597;10-03-2023
1598;19-08-2023
1599;06-08-2023
1600;04-06-2022
1601;18-05-2022
1602;02-06-2022
1603;03-05-2022
1604;26-07-2023
1605;06-07-2024
1606;07-02-2023
1607;23-05-2023
1608;20-12-2021
1609;11-09-2022
1610;21-09-2022
1611;20-12-2021
1612;12-03-2023
1613;22-04-2022
1614;29-11-2022
1615;09-09-2022
1616;12-02-2023
1617;12-01-2022
1618;26-01-2022
1619;04-02-2023
1620;30-12-2022
1621;30-08-2022
1622;08-02-2023
1623;04-05-2023
1624;29-05-2023
1625;14-08-2023
1626;25-10-2022
1627;08-04-2023
1628;28-10-2021
1629;15-08-2023
1630;21-01-2023
1631;01-05-2022
1632;06-04-2024
1633;29-04-2022
1634;10-08-2022
1635;28-08-2023
1636;13-02-2022
1637;28-11-2022
1638;31-12-2021
1639;24-12-2021
1640;07-12-2021
1641;20-10-2021
1642;13-10-2021
1643;05-09-2022
1644;12-09-2023
1645;11-01-2023
1646;29-07-2023
1647;21-09-2023
1648;21-12-2021
1649;13-04-2022
1650;08-07-2023
1651;08-08-2023
1652;21-12-2022
1653;10-09-2022
1654;29-08-2023
1655;02-09-2023
1656;18-11-2021
1657;04-02-2023
1658;20-01-2022
1659;15-10-2021
1660;10-07-2022
1661;31-12-2022
1662;24-09-2023
1663;11-12-2022
1664;18-02-2022
1665;12-01-2023
1666;08-04-2023
1667;23-12-2021
1668;16-06-2022
1669;05-07-2023
1670;06-08-2023
1671;02-09-2023
1672;21-07-2023
1673;04-07-2022
1674;26-11-2022
1675;25-01-2023
1676;29-10-2021
1677;30-05-2022
1678;25-11-2021
1679;01-08-2023
1680;15-11-2021
1681;05-08-2023
1682;12-09-2023
1683;23-12-2022
1684;20-03-2022
1685;16-04-2023
1686;03-05-2022
1687;18-08-2023
1688;07-04-2022
1689;07-12-2022
1690;14-02-2022
1691;01-02-2022
1692;29-10-2021
1693;15-05-2022
1694;19-05-2023
1695;02-04-2023
1696;07-11-2023
1697;10-03-2023
1698;15-05-2023
1699;23-05-2022
1700;13-09-2022
1701;13-10-2021
1702;26-08-2023
1703;08-11-2022
1704;26-01-2022
1705;13-06-2022
1706;29-08-2023
1707;10-03-2022
1708;17-11-2022
1709;07-03-2023
1710;03-12-2023
1711;25-05-2022
1712;20-09-2023
1713;24-09-2023
1714;15-01-2023
1715;11-08-2022
1716;13-04-2023
1717;12-05-2023
1718;02-05-2022
1719;12-02-2022
1720;07-03-2022
1721;20-08-2022
1722;11-11-2023
1723;29-06-2023
1724;22-02-2022
1725;11-11-2022
1726;08-06-2023
1727;21-10-2021
1728;25-01-2023
1729;27-02-2023
1730;31-01-2023
1731;28-09-2022
1732;16-04-2023
1733;31-08-2023
1734;11-11-2022
1735;29-11-2022
1736;12-08-2023
1737;04-10-2023
1738;31-01-2023
1739;08-09-2023
1740;06-09-2023
1741;16-05-2023
1742;07-05-2023
1743;06-02-2023
1744;17-08-2023
1745;08-01-2023
1746;10-12-2022
1747;07-05-2022
1748;10-05-2022
1749;28-09-2023
1750;14-05-2022
1751;02-04-2023
1752;08-01-2024
1753;12-03-2021
1754;28-04-2022
1755;29-06-2022
1756;04-11-2021
1757;24-06-2022
1758;20-09-2023
1759;17-08-2022
1760;09-07-2022
1761;14-01-2023
1762;05-09-2022
1763;12-12-2022
1764;25-04-2022
1765;09-03-2022
1766;11-01-2023
1767;15-08-2022
1768;01-03-2023
1769;07-07-2023
1770;29-09-2022
1771;07-06-2023
1772;06-11-2022
1773;21-04-2022
1774;01-10-2023
1775;10-04-2022
1776;22-12-2021
1777;19-03-2023
1778;17-01-2023
1779;30-06-2023
1780;03-08-2022
1781;07-06-2022
1782;02-04-2022
1783;28-10-2021
1784;08-11-2022
1785;18-06-2022
1786;03-03-2024
1787;14-10-2021
1788;14-01-2022
1789;17-04-2022
1790;11-02-2022
1791;08-04-2024
1792;30-09-2022
1793;24-11-2021
1794;25-01-2023
1795;08-07-2023
1796;10-05-2022
1797;09-05-2022
1798;14-11-2021
1799;02-05-2023
1800;27-09-2022
1801;11-03-2022
1802;15-02-2022
1803;09-03-2023
1804;02-04-2023
1805;24-07-2023
1806;29-08-2023
1807;08-09-2022
1808;26-05-2022
1809;08-12-2023
1810;28-05-2023
1811;08-09-2023
1812;14-04-2022
1813;24-05-2023
1814;09-05-2022
1815;12-07-2022
1816;04-09-2022
1817;04-09-2022
1818;19-02-2022
1819;27-05-2023
1820;11-12-2022
1821;07-09-2023
1822;09-02-2023
1823;12-11-2021
1824;01-07-2023
1825;10-12-2021
1826;14-06-2022
1827;13-10-2021
1828;21-07-2023
1829;07-02-2022
1830;29-05-2023
1831;15-09-2022
1832;02-07-2023
1833;19-09-2022
1834;15-03-2023
1835;27-05-2022
1836;25-05-2023
1837;26-10-2021
1838;10-11-2021
1839;14-02-2023
1840;13-03-2022
1841;29-01-2023
1842;04-09-2024
1843;26-09-2023
1844;24-03-2023
1845;10-01-2023
1846;21-01-2023
1847;01-08-2022
1848;19-10-2021
1849;17-02-2023
1850;31-03-2023
1851;07-10-2022
1852;12-05-2023
1853;20-06-2022
1854;22-07-2022
1855;07-05-2022
1856;28-10-2022
1857;18-04-2023
1858;06-12-2022
1859;23-04-2022
1860;27-10-2022
1861;18-12-2021
1862;16-04-2023
1863;22-08-2023
1864;06-04-2023
1865;07-06-2023
1866;13-06-2023
1867;01-04-2023
1868;17-10-2022
1869;05-08-2022
1870;15-07-2023
1871;27-09-2022
1872;08-04-2024
1873;05-08-2022
1874;22-05-2022
1875;23-02-2022
1876;01-02-2022
1877;23-09-2023
1878;17-09-2023
1879;20-06-2022
1880;18-05-2023
1881;05-05-2022
1882;11-06-2023
1883;26-08-2022
1884;13-08-2023
1885;07-12-2022
1886;29-11-2021
1887;29-06-2023
1888;11-08-2022
1889;22-12-2021
1890;14-01-2023
1891;13-09-2023
1892;01-01-2022
1893;07-11-2022
1894;20-10-2022
1895;08-07-2022
1896;03-11-2023
1897;06-05-2022
1898;20-02-2023
1899;29-04-2022
1900;04-09-2023
1901;20-12-2021
1902;07-03-2023
1903;11-02-2022
1904;10-03-2023
1905;01-02-2022
1906;03-01-2023
1907;12-05-2021
1908;31-07-2022
1909;31-12-2022
1910;17-11-2022
1911;16-01-2023
1912;20-10-2021
1913;08-08-2022
1914;08-05-2023
1915;06-07-2023
1916;11-04-2023
1917;22-07-2023
1918;11-04-2022
1919;02-08-2022
1920;23-05-2022
1921;25-01-2023
1922;03-12-2021
1923;06-02-2023
1924;11-09-2023
1925;03-07-2024
1926;06-12-2022
1927;12-04-2022
1928;05-12-2023
1929;11-01-2023
1930;09-11-2022
1931;26-04-2022
1932;28-09-2023
1933;11-12-2022
1934;01-01-2023
1935;26-03-2023
1936;26-04-2022
1937;29-12-2022
1938;28-03-2022
1939;22-02-2022
1940;19-06-2022
1941;04-11-2022
1942;17-01-2023
1943;07-04-2023
1944;07-01-2023
1945;04-11-2021
1946;27-02-2023
1947;27-09-2023
1948;19-10-2021
1949;10-11-2021
1950;30-04-2022
1951;14-09-2022
1952;30-06-2022
1953;12-03-2024
1954;07-11-2021
1955;03-08-2023
1956;29-11-2021
1957;13-03-2023
1958;01-06-2023
1959;14-03-2022
1960;28-07-2022
1961;04-12-2021
1962;07-12-2022
1963;15-12-2022
1964;30-03-2022
1965;30-12-2021
1966;14-12-2022
1967;09-10-2023
1968;03-12-2022
1969;10-09-2023
1970;19-07-2022
1971;11-07-2022
1972;12-07-2022
1973;01-07-2022
1974;09-02-2022
1975;10-01-2021
1976;18-08-2023
1977;21-04-2023
1978;12-02-2022
1979;17-01-2023
1980;03-12-2022
1981;05-10-2022
1982;20-03-2023
1983;05-02-2023
1984;27-10-2021
1985;05-01-2023
1986;06-08-2023
1987;20-01-2023
1988;14-04-2023
1989;10-07-2022
1990;07-03-2023
1991;20-05-2022
1992;04-08-2024
1993;12-01-2023
1994;29-08-2022
1995;18-09-2022
1996;10-08-2022
1997;15-09-2022
1998;04-09-2023
1999;11-01-2022
2000;14-06-2023
2001;29-10-2022
2002;05-09-2022
2003;12-07-2023
2004;05-12-2023
2005;06-02-2022
2006;23-04-2022
2007;05-05-2023
2008;10-07-2022
2009;24-01-2022
2010;29-07-2023
2011;09-11-2021
2012;09-07-2022
2013;10-09-2022
2014;09-12-2021
2015;26-02-2022
2016;03-05-2022
2017;10-11-2022
2018;10-10-2022
2019;20-05-2022
2020;12-10-2022
2021;24-08-2022
2022;26-05-2022
2023;27-05-2022
2024;24-01-2022
2025;24-01-2023
2026;01-03-2024
2027;30-03-2022
2028;10-08-2022
2029;21-09-2022
2030;28-03-2022
2031;10-03-2022
2032;27-10-2021
2033;31-08-2022
2034;19-07-2023
2035;01-07-2022
2036;25-12-2021
2037;10-01-2023
2038;27-05-2023
2039;22-08-2023
2040;08-08-2023
2041;03-07-2022
2042;04-08-2023
2043;28-05-2022
2044;15-11-2021
2045;04-12-2021
2046;08-11-2021
2047;07-03-2023
2048;25-06-2023
2049;14-10-2022
2050;28-03-2023
2051;12-09-2022
2052;04-02-2023
2053;06-11-2021
2054;10-10-2021
2055;10-09-2022
2056;12-05-2023
2057;16-12-2022
2058;06-02-2024
2059;26-12-2021
2060;24-09-2022
2061;17-11-2021
2062;26-05-2022
2063;25-09-2022
2064;10-03-2023
2065;30-05-2023
2066;06-05-2023
2067;27-04-2023
2068;27-11-2022
2069;23-06-2023
2070;09-01-2025
2071;21-01-2022
2072;10-05-2022
2073;21-04-2022
2074;21-03-2022
2075;30-12-2021
2076;11-01-2023
2077;01-09-2022
2078;18-02-2023
2079;23-10-2021
2080;07-05-2023
2081;27-04-2023
2082;31-03-2022
2083;08-04-2023
2084;27-08-2022
2085;18-02-2023
2086;02-02-2023
2087;20-03-2023
2088;11-06-2022
2089;26-05-2022
2090;13-12-2021
2091;05-03-2022
2092;03-11-2021
2093;10-11-2023
2094;15-09-2023
2095;04-06-2023
2096;28-11-2022
2097;24-01-2022
2098;11-07-2023
2099;24-02-2022
2100;02-08-2023
2101;28-08-2022
2102;11-07-2022
2103;10-01-2024
2104;28-11-2022
2105;02-09-2022
2106;14-09-2023
2107;13-06-2023
2108;27-03-2023
2109;12-08-2023
2110;07-07-2022
2111;07-03-2022
2112;17-11-2021
2113;18-11-2022
2114;20-10-2022
2115;11-06-2022
2116;06-10-2021
2117;26-04-2023
2118;16-07-2023
2119;24-06-2023
2120;31-10-2021
2121;03-08-2023
2122;11-09-2023
2123;15-06-2022
2124;18-08-2023
2125;27-07-2022
2126;14-09-2022
2127;04-08-2023
2128;15-03-2022
2129;28-09-2023
2130;30-01-2022
2131;27-05-2023
2132;22-06-2023
2133;09-05-2024
2134;09-12-2022
2135;17-02-2022
2136;26-01-2022
2137;06-06-2022
2138;30-05-2022
2139;23-08-2023
2140;05-11-2022
2141;23-09-2023
2142;15-01-2023
2143;30-04-2023
2144;04-06-2022
2145;09-03-2023
2146;19-06-2023
2147;17-09-2022
2148;15-10-2021
2149;14-12-2022
2150;02-05-2023
2151;26-11-2022
2152;20-12-2021
2153;01-01-2022
2154;06-05-2023
2155;26-09-2023
2156;26-01-2023
2157;10-11-2022
2158;15-03-2022
2159;24-04-2022
2160;29-04-2022
2161;09-10-2022
2162;13-06-2022
2163;14-10-2021
2164;05-07-2023
2165;09-08-2023
2166;20-07-2023
2167;09-03-2022
2168;21-05-2023
2169;20-02-2023
2170;19-12-2022
2171;14-01-2023
2172;29-06-2023
2173;17-04-2022
2174;20-01-2023
2175;12-12-2023
2176;27-07-2022
2177;16-08-2023
2178;06-04-2022
2179;11-04-2022
2180;24-11-2021
2181;03-06-2023
2182;10-01-2023
2183;03-03-2022
2184;12-07-2023
2185;13-05-2022
2186;16-04-2022
2187;27-05-2023
2188;08-07-2023
2189;31-01-2022
2190;27-06-2022
2191;05-04-2025
2192;22-03-2022
2193;07-03-2023
2194;29-03-2023
2195;16-08-2022
2196;02-06-2023
2197;11-12-2021
2198;31-05-2023
2199;11-03-2023
2200;05-09-2023
2201;28-09-2023
2202;05-01-2022
2203;02-10-2022
2204;16-06-2023
2205;25-05-2022
2206;11-03-2023
2207;01-04-2024
2208;08-03-2022
2209;05-09-2023
2210;28-07-2022
2211;31-12-2021
2212;03-02-2022
2213;22-04-2022
2214;21-09-2023
2215;08-07-2023
2216;01-07-2024
2217;06-04-2023
2218;25-09-2023
2219;12-12-2022
2220;03-09-2022
2221;07-07-2023
2222;06-10-2022
2223;14-11-2022
2224;22-06-2022
2225;26-07-2023
2226;22-11-2022
2227;09-08-2023
2228;01-10-2022
2229;09-09-2023
2230;22-08-2023
2231;16-11-2022
2232;14-05-2022
2233;01-10-2022
2234;06-04-2024
2235;14-05-2023
2236;29-08-2022
2237;08-02-2022
2238;18-03-2022
2239;12-08-2023
2240;16-09-2023
2241;04-05-2022
2242;19-07-2022
2243;21-07-2023
2244;06-06-2024
2245;30-01-2023
2246;04-12-2021
2247;21-06-2023
2248;03-07-2024
2249;10-03-2024
2250;06-08-2022
2251;09-07-2022
2252;08-07-2022
2253;08-03-2023
2254;04-03-2022
2255;18-01-2023
2256;27-05-2022
2257;22-08-2023
2258;30-11-2021
2259;25-09-2023
2260;02-07-2022
2261;23-10-2022
2262;20-08-2023
2263;12-02-2022
2264;09-09-2023
2265;31-10-2021
2266;31-05-2022
2267;20-01-2023
2268;15-09-2023
2269;12-05-2023
2270;27-09-2023
2271;18-06-2022
2272;03-06-2023
2273;03-02-2022
2274;03-03-2023
2275;08-08-2022
2276;02-07-2023
2277;14-09-2023
2278;17-10-2022
2279;10-04-2023
2280;17-02-2023
2281;17-11-2022
2282;31-10-2022
2283;16-07-2023
2284;17-07-2022
2285;06-12-2022
2286;17-08-2022
2287;27-09-2022
2288;18-02-2023
2289;15-05-2023
2290;08-11-2021
2291;14-09-2023
2292;10-09-2022
2293;02-07-2023
2294;27-05-2022
2295;02-12-2021
2296;18-02-2022
2297;11-04-2022
2298;03-08-2022
2299;22-04-2023
2300;11-03-2022
2301;07-10-2021
2302;24-04-2022
2303;20-04-2023
2304;04-09-2022
2305;17-06-2022
2306;04-07-2022
2307;11-05-2023
2308;12-11-2022
2309;27-11-2022
2310;03-02-2023
2311;03-04-2023
2312;03-09-2022
2313;01-02-2023
2314;16-03-2023
2315;12-02-2022
2316;11-06-2022
2317;02-04-2022
2318;20-03-2022
2319;25-12-2021
2320;17-12-2022
2321;21-01-2022
2322;18-02-2022
2323;01-03-2023
2324;28-07-2023
2325;08-06-2025
2326;03-06-2022
2327;28-09-2023
2328;07-06-2023
2329;23-01-2023
2330;12-10-2022
2331;05-05-2022
2332;10-08-2022
2333;06-10-2021
2334;01-03-2022
2335;22-06-2022
2336;12-11-2021
2337;01-01-2023
2338;20-07-2023
2339;02-08-2023
2340;09-08-2023
2341;27-06-2023
2342;29-10-2022
2343;28-11-2021
2344;06-04-2023
2345;01-02-2022
2346;02-02-2023
2347;18-05-2022
2348;29-05-2023
2349;19-11-2021
2350;18-11-2022
2351;31-12-2022
2352;19-08-2023
2353;03-01-2024
2354;25-11-2021
2355;20-10-2022
2356;11-12-2021
2357;12-09-2022
2358;16-11-2022
2359;02-06-2023
2360;12-12-2022
2361;18-07-2023
2362;05-03-2022
2363;11-03-2022
2364;05-09-2024
2365;24-09-2023
2366;09-08-2022
2367;17-02-2023
2368;08-09-2023
2369;13-03-2022
2370;11-06-2023
2371;17-03-2023
2372;08-03-2022
2373;16-08-2022
2374;30-06-2022
2375;14-12-2022
2376;23-08-2023
2377;26-03-2022
2378;15-12-2022
2379;04-03-2022
2380;06-10-2022
2381;06-07-2022
2382;30-07-2023
2383;07-06-2023
2384;17-09-2023
2385;06-01-2023
2386;03-03-2023
2387;12-01-2023
2388;09-12-2021
2389;24-09-2022
2390;12-08-2022
2391;28-03-2023
2392;15-01-2023
2393;27-12-2021
2394;05-01-2023
2395;28-07-2023
2396;07-01-2022
2397;01-01-2022
2398;18-04-2023
2399;03-09-2023
2400;13-04-2022
2401;02-04-2023
2402;17-01-2022
2403;12-09-2023
2404;21-08-2023
2405;09-06-2023
2406;07-04-2022
2407;01-06-2023
2408;05-08-2022
2409;06-04-2023
2410;03-01-2023
2411;22-04-2023
2412;23-04-2023
2413;22-09-2023
2414;21-11-2021
2415;20-09-2023
2416;01-09-2022
2417;24-10-2022
2418;30-09-2021
2419;23-11-2022
2420;23-01-2022
2421;08-06-2023
2422;06-05-2023
2423;15-11-2022
2424;12-03-2023
2425;22-10-2021
2426;04-07-2022
2427;23-03-2023
2428;05-09-2022
2429;27-10-2021
2430;22-11-2021
2431;22-07-2022
2432;08-11-2021
2433;08-10-2023
2434;23-03-2023
2435;09-06-2023
2436;23-06-2022
2437;14-10-2021
2438;08-08-2023
2439;01-11-2022
2440;16-05-2022
2441;26-05-2022
2442;23-10-2021
2443;04-07-2022
2444;11-05-2023
2445;18-06-2023
2446;25-06-2022
2447;03-09-2022
2448;01-06-2022
2449;19-01-2022
2450;21-11-2021
2451;03-07-2023
2452;28-02-2022
2453;09-03-2024
2454;15-05-2022
2455;10-08-2022
2456;31-03-2022
2457;03-01-2022
2458;26-12-2021
2459;12-11-2021
2460;27-03-2023
2461;12-01-2022
2462;21-02-2023
2463;04-04-2024
2464;25-01-2022
2465;11-01-2023
2466;11-10-2021
2467;11-04-2021
2468;07-12-2021
2469;02-10-2021
2470;07-10-2021
2471;13-01-2023
2472;24-08-2023
2473;12-01-2022
2474;01-08-2023
2475;27-03-2022
2476;16-07-2023
2477;01-01-2022
2478;26-10-2021
2479;15-08-2022
2480;19-02-2022
2481;15-06-2023
2482;25-12-2022
2483;02-04-2022
2484;02-11-2022
2485;09-07-2023
2486;05-07-2023
2487;06-01-2022
2488;18-08-2023
2489;30-01-2022
2490;21-07-2023
2491;04-12-2022
2492;22-12-2022
2493;16-05-2022
2494;02-06-2023
2495;19-06-2022
2496;05-01-2023
2497;16-11-2021
2498;04-10-2021
2499;17-08-2022
2500;26-01-2022
2501;17-03-2023
2502;03-06-2022
2503;02-07-2024
2504;10-06-2022
2505;18-07-2023
2506;24-03-2022
2507;10-12-2021
2508;04-05-2022
2509;17-06-2022
2510;02-08-2023
2511;13-02-2023
2512;25-08-2022
2513;24-04-2022
2514;14-05-2023
2515;22-11-2021
2516;07-02-2023
2517;26-04-2023
2518;03-11-2024
2519;09-04-2022
2520;11-09-2023
2521;25-03-2022
2522;24-03-2022
2523;29-10-2022
2524;09-09-2023
2525;08-04-2022
2526;25-04-2022
2527;11-07-2022
2528;02-08-2022
2529;08-01-2022
2530;21-04-2023
2531;20-02-2023
2532;19-10-2021
2533;03-09-2023
2534;04-09-2022
2535;13-04-2023
2536;15-09-2023
2537;03-01-2022
2538;27-12-2021
2539;02-11-2021
2540;17-09-2023
2541;06-06-2022
2542;11-02-2024
2543;04-05-2023
2544;11-10-2022
2545;14-02-2022
2546;06-02-2023
2547;12-01-2023
2548;17-01-2022
2549;19-05-2022
2550;10-07-2023
2551;12-02-2022
2552;18-12-2022
2553;08-09-2023
2554;04-01-2023
2555;17-03-2022
2556;25-10-2021
2557;25-06-2023
2558;02-11-2022
2559;07-04-2023
2560;02-03-2022
2561;11-11-2021
2562;06-01-2024
2563;24-11-2021
2564;03-05-2025
2565;21-03-2022
2566;24-07-2023
2567;08-07-2023
2568;26-03-2023
2569;05-09-2022
2570;05-12-2021
2571;06-03-2022
2572;01-08-2022
2573;18-08-2023
2574;09-09-2023
2575;03-07-2025
2576;31-10-2022
2577;09-02-2022
2578;15-07-2023
2579;02-06-2023
2580;05-06-2022
2581;19-01-2023
2582;10-02-2022
2583;26-09-2023
2584;14-07-2022
2585;07-11-2022
2586;04-10-2021
2587;11-12-2022
2588;23-08-2023
2589;08-04-2024
2590;13-04-2023
2591;08-10-2022
2592;03-07-2023
2593;18-05-2022
2594;21-07-2023
2595;08-12-2021
2596;27-07-2022
2597;16-07-2022
2598;01-02-2022
2599;06-04-2025
2600;14-03-2022
2601;12-08-2022
2602;09-04-2022
2603;09-11-2022
2604;20-07-2023
2605;05-03-2024
2606;17-01-2023
2607;22-01-2022
2608;10-12-2022
2609;10-05-2022
2610;07-07-2023
2611;25-04-2022
2612;19-05-2022
2613;17-09-2022
2614;19-08-2022
2615;08-01-2022
2616;02-03-2022
2617;19-09-2022
2618;30-06-2023
2619;04-07-2022
2620;02-06-2022
2621;26-05-2023
2622;07-02-2022
2623;16-03-2022
2624;11-11-2021
2625;23-04-2023
2626;14-11-2021
2627;02-01-2023
2628;25-09-2022
2629;07-12-2022
2630;04-03-2022
2631;27-12-2021
2632;01-04-2022
2633;24-03-2022
2634;26-05-2023
2635;24-11-2021
2636;29-07-2022
2637;10-03-2022
2638;13-12-2021
2639;02-06-2022
2640;22-03-2022
2641;15-04-2022
2642;18-01-2022
2643;24-06-2022
2644;06-03-2022
2645;09-11-2023
2646;10-11-2022
2647;17-06-2022
2648;05-03-2022
2649;11-08-2022
2650;24-03-2022
2651;16-12-2022
2652;09-06-2023
2653;29-11-2021
2654;22-06-2023
2655;19-07-2023
2656;02-01-2022
2657;05-11-2021
2658;26-04-2023
2659;26-08-2023
2660;31-05-2022
2661;21-11-2021
2662;29-12-2021
2663;13-08-2022
2664;06-05-2022
2665;29-08-2022
2666;27-10-2022
2667;13-09-2023
2668;03-05-2023
2669;29-07-2023
2670;04-05-2023
2671;16-09-2023
2672;17-07-2023
2673;06-10-2023
2674;16-12-2022
2675;20-05-2023
2676;06-10-2021
2677;21-10-2022
2678;20-11-2021
2679;28-06-2023
2680;07-06-2023
2681;02-03-2022
2682;25-07-2023
2683;16-12-2022
2684;29-09-2021
2685;01-06-2024
2686;03-03-2022
2687;06-08-2023
2688;09-01-2022
2689;06-04-2022
2690;23-04-2022
2691;14-05-2023
2692;03-11-2023
2693;04-05-2023
2694;05-07-2022
2695;06-05-2023
2696;07-07-2023
2697;04-01-2023
2698;01-04-2022
2699;25-11-2022
2700;03-07-2023
2701;19-09-2023
2702;18-06-2022
2703;24-01-2023
2704;23-08-2022
2705;07-07-2023
2706;27-02-2023
2707;06-09-2023
2708;12-04-2022
2709;30-07-2022
2710;09-01-2023
2711;12-11-2021
2712;15-09-2022
2713;27-05-2023
2714;02-11-2021
2715;12-09-2022
2716;26-11-2022
2717;22-01-2023
2718;11-03-2022
2719;25-11-2021
2720;10-08-2023
2721;26-05-2023
2722;19-01-2023
2723;26-01-2023
2724;14-06-2023
2725;28-07-2023
2726;30-06-2023
2727;19-05-2023
2728;18-11-2022
2729;26-06-2022
2730;02-09-2023
2731;04-02-2023
2732;23-05-2023
2733;31-10-2022
2734;30-01-2023
2735;07-05-2023
2736;20-06-2022
2737;09-12-2022
2738;15-10-2021
2739;19-03-2022
2740;01-08-2022
2741;19-09-2023
2742;20-10-2021
2743;25-11-2021
2744;03-01-2023
2745;31-10-2021
2746;01-08-2023
2747;18-03-2022
2748;16-06-2023
2749;02-07-2023
2750;06-02-2023
2751;20-03-2023
2752;03-09-2022
2753;08-04-2023
2754;11-07-2022
2755;08-01-2024
2756;19-06-2023
2757;05-06-2023
2758;18-02-2023
2759;01-05-2022
2760;15-12-2022
2761;07-11-2022
2762;08-01-2023
2763;31-05-2022
2764;05-03-2022
2765;10-01-2023
2766;19-09-2022
2767;04-01-2023
2768;29-11-2021
2769;25-11-2022
2770;21-03-2023
2771;29-04-2023
2772;01-04-2024
2773;05-05-2024
2774;23-08-2022
2775;29-06-2023
2776;03-04-2022
2777;19-11-2022
2778;28-01-2022
2779;11-08-2022
2780;08-08-2023
2781;08-07-2022
2782;11-09-2022
2783;14-08-2022
2784;12-10-2022
2785;01-02-2022
2786;09-11-2021
2787;14-01-2022
2788;15-05-2022
2789;03-07-2023
2790;11-02-2022
2791;01-03-2022
2792;07-11-2022
2793;31-01-2023
2794;27-03-2023
2795;12-05-2022
2796;21-01-2023
2797;28-11-2022
2798;26-08-2022
2799;13-10-2021
2800;03-01-2023
2801;12-08-2023
2802;18-02-2022
2803;09-01-2023
2804;18-07-2023
2805;16-12-2022
2806;16-12-2021
2807;23-01-2023
2808;03-02-2022
2809;23-01-2022
2810;24-01-2023
2811;14-06-2023
2812;26-09-2022
2813;22-10-2021
2814;17-09-2022
2815;07-11-2021
2816;04-03-2023
2817;17-04-2023
2818;16-12-2022
2819;31-10-2021
2820;23-01-2022
2821;25-07-2022
2822;11-03-2022
2823;17-10-2021
2824;04-09-2023
2825;10-04-2023
2826;06-12-2021
2827;28-04-2023
2828;12-09-2023
2829;05-07-2023
2830;02-11-2021
2831;05-11-2022
2832;27-10-2022
2833;12-06-2022
2834;27-10-2021
2835;28-02-2022
2836;04-12-2021
2837;29-03-2023
2838;10-11-2022
2839;19-08-2023
2840;07-05-2023
2841;08-09-2023
2842;24-02-2023
2843;12-07-2023
2844;20-03-2022
2845;17-08-2023
2846;04-05-2024
2847;26-12-2021
2848;21-06-2023
2849;23-10-2021
2850;26-09-2022
2851;13-05-2022
2852;22-07-2023
2853;28-07-2022
2854;03-10-2021
2855;03-01-2023
2856;30-04-2023
2857;06-02-2022
2858;09-11-2022
2859;07-07-2025
2860;26-01-2022
2861;26-10-2022
2862;27-11-2021
2863;27-09-2023
2864;02-12-2024
2865;25-11-2022
2866;28-04-2023
2867;08-05-2023
2868;06-06-2023
2869;27-05-2022
2870;18-07-2023
2871;14-04-2023
2872;01-07-2022
2873;07-11-2021
2874;22-01-2023
2875;18-10-2022
2876;28-07-2022
2877;06-05-2023
2878;05-04-2023
2879;23-01-2022
2880;28-01-2023
2881;26-04-2022
2882;06-03-2024
2883;29-04-2022
2884;23-01-2023
2885;29-07-2023
2886;28-11-2021
2887;04-04-2023
2888;29-09-2021
2889;04-07-2024
2890;24-05-2022
2891;08-01-2025
2892;18-10-2021
2893;03-08-2023
2894;25-05-2023
2895;11-04-2023
2896;30-09-2021
2897;04-04-2023
2898;29-06-2023
2899;13-01-2022
2900;19-04-2023
2901;21-10-2022
2902;30-05-2022
2903;04-06-2023
2904;13-02-2022
2905;05-10-2021
2906;03-06-2023
2907;31-03-2023
2908;05-03-2025
2909;26-08-2023
2910;18-07-2022
2911;01-08-2022
2912;26-04-2022
2913;25-03-2022
2914;27-07-2022
2915;26-07-2023
2916;07-07-2022
2917;23-11-2021
2918;12-06-2022
2919;05-05-2024
2920;23-10-2021
2921;09-01-2024
2922;01-11-2022
2923;05-09-2023
2924;26-03-2023
2925;24-07-2023
2926;23-05-2022
2927;16-07-2023
2928;09-10-2022
2929;02-12-2022
2930;15-03-2022
2931;05-04-2023
2932;17-05-2023
2933;05-09-2022
2934;09-07-2023
2935;12-08-2022
2936;07-10-2022
2937;04-02-2022
2938;16-05-2023
2939;09-09-2024
2940;03-06-2022
2941;19-07-2023
2942;14-09-2023
2943;12-01-2022
2944;03-01-2023
2945;02-11-2021
2946;06-12-2021
2947;16-09-2022
2948;02-04-2022
2949;06-05-2022
2950;19-10-2021
2951;28-02-2023
2952;17-03-2023
2953;30-12-2021
2954;02-05-2023
2955;05-08-2023
2956;09-11-2022
2957;29-12-2021
2958;11-05-2022
2959;20-07-2023
2960;02-09-2023
2961;01-01-2023
2962;26-11-2022
2963;02-01-2024
2964;08-04-2023
2965;16-12-2022
2966;10-04-2022
2967;07-05-2022
2968;30-09-2022
2969;11-02-2023
2970;21-02-2022
2971;21-12-2022
2972;26-09-2023
2973;16-04-2023
2974;13-05-2023
2975;04-02-2023
2976;22-07-2023
2977;23-10-2022
2978;14-10-2021
2979;02-07-2022
2980;13-08-2022
2981;29-05-2022
2982;29-12-2022
2983;02-04-2023
2984;22-07-2023
2985;28-03-2023
2986;09-02-2022
2987;07-09-2022
2988;29-06-2023
2989;24-05-2022
2990;05-03-2025
2991;13-05-2023
2992;20-04-2023
2993;10-07-2021
2994;26-07-2023
2995;31-08-2023
2996;03-12-2022
2997;07-02-2023
2998;13-04-2022
2999;14-02-2023
3000;13-03-2023
3001;23-04-2023
3002;23-06-2022
3003;14-04-2023
3004;31-03-2022
3005;31-12-2022
3006;02-06-2022
3007;21-11-2021
3008;10-06-2023
3009;09-10-2021
3010;09-11-2022
3011;04-10-2022
3012;11-07-2022
3013;21-12-2021
3014;29-07-2023
3015;14-08-2023
3016;03-05-2023
3017;15-11-2022
3018;16-05-2023
3019;05-08-2022
3020;09-06-2023
3021;09-04-2024
3022;18-05-2023
3023;09-01-2022
3024;10-05-2023
3025;14-09-2023
3026;02-06-2022
3027;17-06-2022
3028;13-06-2022
3029;08-05-2022
3030;17-02-2022
3031;20-11-2022
3032;22-04-2023
3033;09-02-2023
3034;21-02-2022
3035;19-10-2021
3036;17-05-2022
3037;25-01-2023
3038;28-09-2021
3039;15-02-2022
3040;05-01-2022
3041;30-07-2022
3042;01-09-2022
3043;13-08-2022
3044;26-11-2022
3045;10-12-2021
3046;08-09-2023
3047;18-10-2021
3048;08-08-2022
3049;20-11-2022
3050;24-03-2023
3051;17-04-2023
3052;01-07-2022
3053;12-07-2022
3054;10-12-2021
3055;26-11-2022
3056;17-12-2021
3057;17-05-2023
3058;24-02-2023
3059;10-09-2022
3060;15-07-2023
3061;11-02-2023
3062;23-05-2022
3063;26-11-2022
3064;09-12-2021
3065;04-06-2024
3066;22-09-2023
3067;29-03-2022
3068;07-01-2022
3069;05-02-2024
3070;18-06-2022
3071;13-03-2022
3072;29-06-2023
3073;16-02-2023
3074;25-01-2022
3075;28-09-2023
3076;13-10-2021
3077;09-03-2023
3078;10-03-2022
3079;03-09-2022
3080;02-02-2023
3081;09-11-2022
3082;01-08-2023
3083;12-03-2023
3084;28-01-2023
3085;01-09-2023
3086;08-08-2023
3087;21-02-2023
3088;01-10-2022
3089;03-08-2022
3090;18-10-2021
3091;13-07-2023
3092;04-03-2022
3093;11-04-2023
3094;12-12-2022
3095;19-05-2023
3096;08-04-2023
3097;08-09-2023
3098;19-08-2022
3099;17-10-2021
3100;17-03-2023
3101;26-08-2023
3102;21-04-2022
3103;27-06-2022
3104;05-10-2023
3105;18-05-2022
3106;31-03-2023
3107;21-11-2022
3108;03-04-2022
3109;18-05-2023
3110;01-01-2022
3111;16-05-2022
3112;05-03-2022
3113;06-08-2022
3114;08-04-2023
3115;05-12-2021
3116;22-12-2021
3117;09-08-2023
3118;29-05-2022
3119;22-09-2022
3120;08-08-2022
3121;08-12-2024
3122;03-02-2023
3123;15-10-2022
3124;07-02-2022
3125;01-07-2022
3126;24-11-2022
3127;18-05-2022
3128;31-07-2023
3129;06-05-2022
3130;28-12-2021
3131;24-02-2022
3132;21-05-2022
3133;20-08-2023
3134;29-08-2023
3135;22-01-2022
3136;15-08-2022
3137;19-01-2023
3138;25-04-2022
3139;20-03-2022
3140;05-02-2022
3141;06-06-2022
3142;27-05-2023
3143;01-01-2022
3144;29-07-2023
3145;06-10-2022
3146;03-01-2022
3147;31-01-2022
3148;25-09-2023
3149;24-10-2021
3150;10-05-2021
3151;21-02-2022
3152;09-12-2021
3153;10-09-2022
3154;08-04-2025
3155;29-06-2023
3156;14-09-2023
3157;30-09-2021
3158;01-05-2023
3159;27-04-2023
3160;12-10-2021
3161;17-07-2023
3162;31-08-2023
3163;07-03-2023
3164;20-10-2022
3165;09-03-2022
3166;17-04-2023
3167;07-09-2023
3168;28-05-2022
3169;03-05-2023
3170;07-08-2023
3171;22-04-2023
3172;12-01-2023
3173;05-09-2023
3174;16-06-2023
3175;22-04-2022
3176;08-10-2021
3177;01-05-2022
3178;13-07-2022
3179;05-12-2022
3180;14-08-2022
3181;16-10-2021
3182;02-09-2023
3183;01-02-2025
3184;07-12-2022
3185;23-02-2022
3186;08-10-2022
3187;01-08-2022
3188;30-05-2022
3189;17-06-2023
3190;11-04-2022
3191;16-04-2023
3192;30-05-2023
3193;03-04-2023
3194;12-07-2023
3195;21-06-2022
3196;06-11-2024
3197;03-09-2023
3198;20-12-2022
3199;03-11-2022
3200;06-07-2022
3201;08-08-2022
3202;05-12-2022
3203;29-01-2023
3204;26-10-2022
3205;14-10-2022
3206;17-04-2022
3207;15-10-2022
3208;04-04-2023
3209;03-09-2023
3210;03-08-2023
3211;20-03-2022
3212;01-08-2023
3213;23-12-2021
3214;04-05-2022
3215;17-07-2022
3216;03-12-2021
3217;02-10-2022
3218;23-07-2022
3219;04-03-2022
3220;05-01-2023
3221;30-01-2022
3222;28-05-2022
3223;02-01-2022
3224;25-12-2021
3225;19-06-2022
3226;29-06-2022
3227;02-05-2022
3228;26-07-2023
3229;01-04-2023
3230;08-09-2023
3231;12-06-2022
3232;03-10-2022
3233;19-12-2022
3234;04-02-2025
3235;11-09-2023
3236;09-08-2023
3237;26-06-2023
3238;23-03-2023
3239;24-07-2023
3240;06-05-2022
3241;17-02-2023
3242;08-06-2023
3243;16-05-2023
3244;06-05-2022
3245;03-11-2021
3246;15-12-2021
3247;03-12-2021
3248;23-07-2023
3249;04-06-2023
3250;08-01-2022
3251;12-05-2022
3252;01-07-2022
3253;08-01-2022
3254;23-10-2021
3255;04-01-2022
3256;06-05-2023
3257;29-07-2022
3258;11-06-2023
3259;17-09-2023
3260;05-08-2024
3261;09-03-2023
3262;22-07-2022
3263;27-11-2022
3264;13-02-2022
3265;04-12-2022
3266;01-05-2024
3267;28-05-2023
3268;04-03-2023
3269;16-01-2022
3270;02-01-2023
3271;29-03-2023
3272;01-01-2022
3273;23-01-2022
3274;02-11-2022
3275;26-02-2022
3276;17-06-2023
3277;05-11-2021
3278;29-09-2021
3279;10-05-2023
3280;06-05-2025
3281;21-11-2021
3282;23-12-2022
3283;11-04-2023
3284;12-03-2022
3285;03-04-2023
3286;19-09-2022
3287;28-10-2022
3288;18-11-2021
3289;10-01-2022
3290;18-11-2022
3291;04-06-2022
3292;21-10-2022
3293;28-09-2023
3294;20-03-2022
3295;09-09-2022
3296;12-07-2023
3297;01-06-2023
3298;10-03-2023
3299;07-04-2023
3300;31-03-2022
3301;21-06-2022
3302;04-02-2023
3303;19-11-2022
3304;23-06-2023
3305;12-07-2023
3306;31-07-2022
3307;25-04-2022
3308;16-08-2023
3309;07-08-2022
3310;19-02-2022
3311;18-07-2022
3312;08-04-2023
3313;11-11-2022
3314;03-08-2022
3315;06-09-2023
3316;23-02-2022
3317;19-04-2023
3318;29-10-2021
3319;21-08-2022
3320;02-03-2022
3321;04-11-2022
3322;23-10-2021
3323;23-07-2022
3324;06-05-2023
3325;27-12-2022
3326;01-12-2022
3327;03-07-2023
3328;26-12-2022
3329;08-02-2023
3330;16-02-2022
3331;25-10-2021
3332;20-08-2022
3333;29-06-2023
3334;12-09-2023
3335;13-12-2022
3336;05-10-2022
3337;07-08-2023
3338;06-06-2022
3339;26-04-2023
3340;13-09-2022
3341;04-12-2022
3342;23-11-2022
3343;20-01-2022
3344;23-10-2022
3345;11-09-2022
3346;16-08-2023
3347;16-07-2022
3348;02-04-2023
3349;14-01-2022
3350;14-11-2022
3351;22-04-2022
3352;02-09-2023
3353;17-05-2022
3354;27-07-2023
3355;15-04-2022
3356;09-09-2022
3357;12-07-2023
3358;30-12-2022
3359;20-08-2023
3360;02-02-2022
3361;06-09-2022
3362;21-03-2022
3363;15-08-2022
3364;24-05-2023
3365;17-02-2022
3366;31-03-2023
3367;11-02-2023
3368;18-11-2021
3369;08-02-2022
3370;07-12-2022
3371;18-11-2022
3372;27-09-2023
3373;17-05-2022
3374;31-01-2022
3375;08-11-2023
3376;08-06-2022
3377;03-12-2022
3378;11-10-2022
3379;14-04-2023
3380;09-07-2023
3381;12-10-2022
3382;07-02-2022
3383;15-09-2022
3384;02-07-2022
3385;18-05-2022
3386;29-08-2023
3387;24-04-2023
3388;12-10-2022
3389;31-08-2023
3390;09-07-2023
3391;07-06-2022
3392;10-07-2022
3393;17-06-2023
3394;03-09-2022
3395;05-02-2022
3396;30-09-2022
3397;02-08-2022
3398;14-09-2022
3399;08-03-2023
3400;10-05-2022
3401;29-01-2022
3402;28-10-2021
3403;30-05-2022
3404;16-01-2022
3405;16-10-2022
3406;09-08-2023
3407;29-11-2022
3408;27-04-2023
3409;13-05-2022
3410;29-11-2022
3411;21-09-2022
3412;27-08-2023
3413;19-09-2022
3414;11-11-2023
3415;17-01-2022
3416;31-07-2022
3417;12-10-2022
3418;20-04-2022
3419;08-03-2023
3420;12-02-2022
3421;19-02-2022
3422;14-05-2023
3423;06-08-2023
3424;11-09-2023
3425;02-10-2024
3426;14-01-2022
3427;24-11-2021
3428;06-07-2023
3429;18-05-2022
3430;07-07-2023
3431;16-08-2023
3432;16-07-2022
3433;03-10-2021
3434;23-02-2023
3435;20-02-2022
3436;09-09-2022
3437;24-10-2021
3438;05-12-2024
3439;13-03-2022
3440;10-03-2023
3441;07-07-2022
3442;09-08-2022
3443;15-03-2023
3444;08-02-2024
3445;17-01-2023
3446;29-11-2021
3447;16-02-2023
3448;09-11-2021
3449;03-04-2023
3450;17-10-2022
3451;10-02-2022
3452;15-10-2022
3453;20-12-2021
3454;12-04-2023
3455;01-11-2021
3456;17-02-2023
3457;08-12-2023
3458;07-01-2023
3459;30-01-2023
3460;12-10-2021
3461;09-05-2022
3462;26-12-2021
3463;02-10-2022
3464;18-12-2022
3465;14-10-2021
3466;07-11-2023
3467;20-01-2022
3468;25-02-2022
3469;22-02-2022
3470;26-05-2023
3471;01-05-2022
3472;25-05-2023
3473;06-05-2023
3474;25-03-2022
3475;14-02-2022
3476;21-08-2023
3477;31-05-2023
3478;12-07-2023
3479;10-11-2021
3480;22-05-2023
3481;08-10-2021
3482;02-01-2022
3483;26-03-2022
3484;21-10-2022
3485;03-10-2021
3486;29-11-2022
3487;14-10-2021
3488;07-06-2024
3489;11-10-2021
3490;03-02-2022
3491;30-11-2021
3492;02-12-2022
3493;13-08-2022
3494;20-09-2022
3495;28-07-2022
3496;01-04-2022
3497;09-07-2022
3498;06-11-2021
3499;05-01-2022
3500;22-05-2023
3501;31-07-2022
3502;25-09-2023
3503;12-04-2022
3504;27-03-2022
3505;08-02-2022
3506;10-03-2022
3507;21-09-2022
3508;08-07-2022
3509;14-06-2022
3510;13-10-2022
3511;24-07-2023
3512;11-11-2022
3513;11-07-2023
3514;27-03-2023
3515;05-05-2023
3516;06-11-2022
3517;05-04-2024
3518;12-06-2023
3519;11-11-2022
3520;28-07-2022
3521;01-04-2022
3522;15-12-2021
3523;17-01-2023
3524;21-02-2023
3525;24-06-2023
3526;27-06-2022
3527;02-03-2023
3528;04-06-2023
3529;19-04-2022
3530;25-05-2022
3531;10-01-2022
3532;12-04-2023
3533;12-05-2021
3534;18-03-2023
3535;19-01-2022
3536;14-10-2022
3537;02-07-2022
3538;16-06-2023
3539;04-07-2022
3540;08-04-2024
3541;07-06-2023
3542;30-07-2023
3543;20-09-2022
3544;02-09-2023
3545;04-01-2023
3546;30-01-2023
3547;12-06-2023
3548;15-08-2022
3549;09-06-2023
3550;10-08-2023
3551;28-07-2023
3552;20-05-2023
3553;07-07-2023
3554;24-05-2022
3555;18-06-2023
3556;04-07-2023
3557;03-11-2021
3558;14-12-2022
3559;18-12-2022
3560;06-06-2023
3561;12-03-2022
3562;18-06-2022
3563;04-04-2022
3564;23-11-2021
3565;04-05-2024
3566;09-09-2022
3567;03-01-2023
3568;26-09-2022
3569;19-10-2022
3570;01-09-2023
3571;22-12-2021
3572;09-05-2024
3573;25-05-2022
3574;30-03-2022
3575;01-05-2022
3576;03-02-2025
3577;28-06-2022
3578;02-09-2023
3579;24-09-2023
3580;22-03-2022
3581;16-11-2021
3582;19-05-2022
3583;10-06-2023
3584;22-01-2023
3585;08-09-2022
3586;20-09-2022
3587;24-09-2022
3588;12-09-2023
3589;05-06-2022
3590;10-05-2021
3591;10-06-2023
3592;01-06-2022
3593;08-06-2023
3594;14-06-2023
3595;18-01-2023
3596;09-08-2023
3597;15-06-2023
3598;03-11-2022
3599;03-02-2022
3600;21-05-2022
3601;27-05-2023
3602;17-05-2023
3603;15-03-2022
3604;31-03-2023
3605;18-05-2022
3606;27-12-2021
3607;22-10-2022
3608;23-09-2023
3609;12-11-2022
3610;24-05-2022
3611;03-03-2024
3612;19-06-2022
3613;09-09-2022
3614;20-06-2023
3615;31-01-2022
3616;09-06-2022
3617;22-06-2023
3618;07-08-2023
3619;14-02-2022
3620;10-09-2022
3621;11-11-2022
3622;06-11-2022
3623;02-11-2021
3624;28-09-2023
3625;05-07-2023
3626;17-04-2022
3627;20-05-2022
3628;03-02-2022
3629;11-06-2023
3630;27-11-2021
3631;04-07-2022
3632;20-06-2022
3633;05-12-2021
3634;06-05-2022
3635;10-08-2023
3636;14-11-2022
3637;18-04-2022
3638;09-06-2022
3639;09-03-2022
3640;04-07-2023
3641;13-09-2023
3642;08-08-2022
3643;08-06-2023
3644;17-07-2022
3645;02-12-2022
3646;11-07-2022
3647;05-04-2023
3648;17-01-2022
3649;04-09-2023
3650;02-11-2024
3651;07-08-2023
3652;16-09-2023
3653;31-03-2023
3654;02-07-2023
3655;29-01-2023
3656;01-08-2023
3657;10-12-2022
3658;31-01-2022
3659;21-03-2023
3660;08-04-2024
3661;21-01-2023
3662;30-04-2023
3663;23-02-2022
3664;18-07-2023
3665;17-01-2022
3666;15-01-2022
3667;26-08-2023
3668;12-05-2023
3669;01-09-2024
3670;21-11-2021
3671;14-01-2022
3672;16-03-2023
3673;06-08-2022
3674;10-03-2023
3675;21-09-2022
3676;11-01-2023
3677;12-10-2022
3678;07-07-2022
3679;24-12-2021
3680;03-08-2023
3681;27-06-2023
3682;24-07-2023
3683;05-07-2023
3684;03-01-2022
3685;04-04-2023
3686;23-11-2022
3687;21-07-2023
3688;20-09-2022
3689;02-07-2023
3690;25-05-2022
3691;12-07-2023
3692;11-01-2023
3693;27-07-2023
3694;01-12-2021
3695;05-07-2023
3696;09-10-2021
3697;02-11-2022
3698;02-10-2022
3699;15-01-2022
3700;13-07-2022
3701;10-02-2022
3702;11-04-2022
3703;11-11-2021
3704;16-10-2021
3705;21-08-2022
3706;19-06-2022
3707;08-02-2023
3708;30-12-2021
3709;25-10-2021
3710;03-03-2023
3711;02-03-2023
3712;19-01-2023
3713;17-07-2023
3714;27-05-2022
3715;20-08-2022
3716;09-04-2023
3717;03-01-2022
3718;04-07-2023
3719;12-07-2022
3720;08-07-2022
3721;17-07-2023
3722;19-08-2022
3723;11-11-2021
3724;03-07-2022
3725;16-11-2021
3726;07-01-2023
3727;02-07-2022
3728;15-11-2022
3729;08-01-2022
3730;08-04-2023
3731;03-06-2023
3732;17-06-2023
3733;28-11-2022
3734;15-12-2021
3735;10-09-2022
3736;24-11-2021
3737;01-11-2021
3738;10-04-2023
3739;06-07-2023
3740;13-11-2021
3741;12-02-2023
3742;28-11-2022
3743;08-01-2022
3744;15-08-2022
3745;25-07-2022
3746;02-01-2023
3747;01-10-2022
3748;24-10-2021
3749;14-08-2022
3750;02-03-2025
3751;12-05-2023
3752;04-07-2023
3753;16-11-2022
3754;24-12-2022
3755;19-03-2022
3756;23-06-2022
3757;03-08-2022
3758;23-08-2023
3759;08-11-2022
3760;02-08-2023
3761;06-02-2023
3762;20-02-2022
3763;04-10-2021
3764;25-06-2023
3765;11-10-2022
3766;11-08-2022
3767;19-08-2022
3768;08-12-2022
3769;02-03-2025
3770;12-11-2021
3771;07-07-2023
3772;05-01-2023
3773;30-06-2023
3774;10-03-2022
3775;15-12-2021
3776;12-07-2022
3777;24-10-2021
3778;22-08-2022
3779;13-10-2021
3780;09-09-2022
3781;14-08-2022
3782;25-04-2023
3783;12-04-2023
3784;23-03-2023
3785;09-06-2022
3786;06-05-2022
3787;08-11-2021
3788;13-08-2023
3789;31-08-2022
3790;13-10-2021
3791;10-06-2023
3792;26-09-2023
3793;29-10-2022
3794;13-08-2023
3795;23-10-2022
3796;09-10-2021
3797;07-01-2022
3798;04-03-2022
3799;16-06-2023
3800;17-07-2022
3801;24-05-2022
3802;31-08-2022
3803;03-07-2023
3804;17-11-2022
3805;30-09-2022
3806;17-05-2023
3807;12-06-2022
3808;15-07-2022
3809;03-07-2023
3810;23-09-2022
3811;10-02-2023
3812;09-05-2023
3813;29-09-2022
3814;18-03-2023
3815;13-07-2023
3816;06-10-2021
3817;28-11-2022
3818;04-10-2022
3819;12-02-2024
3820;08-09-2022
3821;19-06-2023
3822;31-08-2022
3823;05-09-2023
3824;03-10-2023
3825;18-03-2022
3826;11-03-2022
3827;29-08-2022
3828;17-03-2022
3829;09-08-2023
3830;24-12-2022
3831;08-11-2022
3832;17-05-2022
3833;05-05-2023
3834;16-05-2022
3835;28-02-2023
3836;08-09-2022
3837;10-04-2023
3838;07-12-2022
3839;25-05-2023
3840;29-06-2022
3841;18-03-2023
3842;27-08-2022
3843;24-07-2022
3844;05-06-2023
3845;16-10-2021
3846;08-08-2023
3847;12-07-2022
3848;06-02-2023
3849;07-02-2022
3850;04-02-2022
3851;15-03-2022
3852;23-06-2023
3853;30-05-2023
3854;10-04-2022
3855;06-12-2021
3856;03-06-2022
3857;03-02-2023
3858;05-03-2023
3859;02-06-2022
3860;08-08-2022
3861;21-01-2023
3862;15-08-2022
3863;16-03-2023
3864;26-03-2022
3865;21-12-2021
3866;26-02-2022
3867;05-05-2023
3868;06-03-2022
3869;02-12-2021
3870;15-09-2022
3871;10-06-2022
3872;10-05-2022
3873;12-10-2021
3874;03-10-2024
3875;20-04-2022
3876;19-04-2023
3877;26-11-2022
3878;28-12-2021
3879;21-02-2022
3880;27-02-2023
3881;17-01-2023
3882;13-04-2022
3883;26-07-2022
3884;17-03-2023
3885;14-02-2023
3886;11-07-2023
3887;03-05-2022
3888;15-08-2022
3889;09-09-2023
3890;30-04-2023
3891;27-10-2022
3892;19-12-2022
3893;06-11-2022
3894;06-12-2021
3895;14-05-2023
3896;04-06-2022
3897;02-07-2023
3898;31-12-2022
3899;19-04-2023
3900;03-03-2022
3901;05-01-2023
3902;15-11-2022
3903;12-10-2021
3904;09-12-2022
3905;17-10-2022
3906;07-07-2023
3907;16-02-2023
3908;05-09-2023
3909;04-08-2022
3910;30-08-2022
3911;26-07-2023
3912;15-06-2022
3913;30-11-2022
3914;22-03-2022
3915;23-09-2023
3916;05-11-2022
3917;01-11-2021
3918;06-07-2022
3919;18-08-2022
3920;12-06-2024
3921;04-06-2022
3922;18-03-2023
3923;26-10-2022
3924;29-03-2022
3925;29-10-2021
3926;21-03-2022
3927;05-12-2022
3928;12-07-2022
3929;24-05-2023
3930;07-03-2024
3931;14-02-2023
3932;17-08-2022
3933;10-02-2022
3934;04-09-2022
3935;27-09-2023
3936;26-11-2021
3937;11-10-2022
3938;09-12-2021
3939;25-02-2023
3940;17-07-2023
3941;21-03-2022
3942;20-04-2022
3943;18-04-2022
3944;16-12-2021
3945;21-01-2022
3946;06-02-2022
3947;02-10-2023
3948;23-01-2023
3949;26-02-2023
3950;10-02-2024
3951;22-06-2022
3952;16-04-2022
3953;30-01-2023
3954;28-03-2023
3955;02-12-2022
3956;10-03-2024
3957;28-01-2022
3958;13-10-2022
3959;04-07-2022
3960;25-08-2023
3961;24-11-2021
3962;30-09-2022
3963;01-11-2022
3964;14-12-2021
3965;09-07-2023
3966;08-06-2022
3967;23-05-2023
3968;16-09-2022
3969;24-10-2021
3970;01-05-2024
3971;05-02-2022
3972;08-12-2022
3973;03-10-2022
3974;08-10-2022
3975;03-06-2022
3976;08-12-2022
3977;11-10-2022
3978;09-09-2022
3979;07-05-2022
3980;12-06-2023
3981;20-09-2023
3982;10-02-2022
3983;18-05-2023
3984;12-11-2021
3985;03-02-2022
3986;26-07-2022
3987;06-12-2021
3988;13-12-2021
3989;21-05-2023
3990;02-09-2022
3991;12-06-2023
3992;12-02-2022
3993;13-10-2021
3994;10-07-2023
3995;24-07-2023
3996;30-12-2022
3997;24-02-2022
3998;24-12-2022
3999;29-05-2023
4000;09-08-2022
4001;01-06-2023
4002;04-08-2022
4003;29-06-2023
4004;28-06-2023
4005;14-09-2022
4006;18-01-2022
4007;25-03-2022
4008;07-10-2022
4009;06-01-2022
4010;05-07-2023
4011;13-05-2023
4012;07-01-2022
4013;06-09-2023
4014;14-04-2022
4015;30-03-2023
4016;28-04-2023
4017;04-11-2021
4018;19-04-2022
4019;05-03-2024
4020;04-10-2022
4021;26-03-2023
4022;24-07-2023
4023;03-11-2021
4024;12-05-2022
4025;03-08-2022
4026;16-03-2023
4027;04-11-2021
4028;25-08-2022
4029;20-05-2023
4030;24-04-2023
4031;22-12-2021
4032;06-04-2022
4033;06-02-2024
4034;07-04-2022
4035;15-11-2021
4036;15-09-2022
4037;26-08-2023
4038;30-08-2023
4039;09-08-2022
4040;20-10-2022
4041;23-04-2023
4042;18-05-2023
4043;22-01-2023
4044;26-08-2022
4045;12-06-2023
4046;02-01-2023
4047;09-07-2022
4048;06-01-2023
4049;30-10-2022
4050;27-11-2022
4051;07-01-2023
4052;18-01-2023
4053;11-08-2023
4054;25-10-2021
4055;24-05-2022
4056;10-07-2021
4057;20-01-2023
4058;12-12-2022
4059;11-08-2022
4060;18-05-2022
4061;20-02-2022
4062;18-07-2022
4063;10-06-2022
4064;05-04-2022
4065;13-12-2021
4066;12-07-2023
4067;18-09-2023
4068;16-07-2022
4069;18-03-2023
4070;20-09-2023
4071;05-12-2022
4072;05-03-2023
4073;25-04-2022
4074;06-08-2022
4075;06-08-2022
4076;19-09-2022
4077;22-01-2023
4078;16-09-2022
4079;09-08-2023
4080;26-09-2023
4081;26-01-2023
4082;19-10-2021
4083;09-09-2023
4084;28-01-2023
4085;30-12-2022
4086;05-12-2022
4087;08-03-2023
4088;19-02-2023
4089;14-07-2023
4090;27-01-2023
4091;04-06-2023
4092;03-10-2021
4093;07-01-2022
4094;11-11-2022
4095;02-01-2023
4096;29-05-2023
4097;24-05-2022
4098;13-08-2023
4099;09-09-2023
4100;07-08-2023
4101;17-04-2023
4102;12-06-2022
4103;02-11-2021
4104;14-06-2023
4105;21-10-2021
4106;30-09-2021
4107;04-06-2023
4108;14-06-2022
4109;08-07-2022
4110;07-01-2022
4111;10-01-2022
4112;20-07-2023
4113;03-06-2022
4114;15-12-2021
4115;12-05-2023
4116;21-05-2022
4117;11-03-2022
4118;28-04-2022
4119;05-09-2022
4120;25-12-2021
4121;18-12-2021
4122;09-06-2023
4123;03-03-2025
4124;10-03-2022
4125;06-08-2022
4126;10-09-2022
4127;03-03-2024
4128;11-05-2022
4129;15-02-2023
4130;28-06-2023
4131;03-10-2021
4132;07-03-2023
4133;23-10-2022
4134;14-04-2022
4135;08-08-2023
4136;06-10-2023
4137;29-07-2023
4138;14-07-2022
4139;01-04-2022
4140;30-05-2023
4141;06-07-2022
4142;13-08-2022
4143;28-06-2023
4144;11-06-2022
4145;24-02-2023
4146;01-02-2022
4147;08-06-2023
4148;04-08-2024
4149;25-07-2022
4150;02-11-2021
4151;02-01-2022
4152;10-10-2021
4153;17-02-2023
4154;07-04-2022
4155;02-04-2022
4156;08-09-2022
4157;05-11-2021
4158;18-07-2022
4159;14-06-2022
4160;08-11-2022
4161;21-09-2022
4162;18-01-2022
4163;22-03-2022
4164;24-09-2022
4165;19-10-2021
4166;18-04-2023
4167;11-02-2022
4168;14-04-2022
4169;09-04-2022
4170;23-09-2022
4171;18-12-2021
4172;22-02-2022
4173;19-11-2021
4174;30-05-2022
4175;06-08-2022
4176;03-04-2023
4177;01-06-2023
4178;11-01-2023
4179;04-09-2022
4180;15-01-2022
4181;02-05-2022
4182;07-05-2023
4183;21-08-2023
4184;07-03-2023
4185;24-10-2021
4186;08-12-2022
4187;25-05-2023
4188;05-07-2022
4189;05-02-2022
4190;29-08-2023
4191;28-09-2023
4192;24-02-2023
4193;17-02-2022
4194;29-09-2022
4195;01-04-2022
4196;04-11-2021
4197;07-05-2023
4198;02-11-2023
4199;19-04-2022
4200;11-01-2023
4201;07-04-2022
4202;10-10-2021
4203;22-12-2021
4204;30-10-2021
4205;06-02-2023
4206;13-05-2022
4207;03-10-2021
4208;23-03-2023
4209;10-08-2022
4210;15-02-2023
4211;09-08-2023
4212;24-04-2023
4213;01-11-2022
4214;17-08-2023
4215;14-10-2022
4216;20-11-2021
4217;24-04-2022
4218;23-06-2023
4219;07-09-2023
4220;12-09-2023
4221;30-06-2022
4222;17-10-2022
4223;18-07-2022
4224;10-10-2022
4225;12-06-2022
4226;08-08-2023
4227;22-01-2022
4228;04-05-2022
4229;20-11-2022
4230;15-11-2021
4231;18-01-2023
4232;20-02-2022
4233;04-04-2022
4234;10-09-2023
4235;12-11-2022
4236;24-11-2022
4237;17-01-2023
4238;19-05-2022
4239;10-03-2023
4240;15-03-2023
4241;01-10-2021
4242;22-01-2022
4243;01-03-2022
4244;12-11-2022
4245;10-03-2023
4246;01-03-2023
4247;06-07-2022
4248;02-02-2023
4249;12-04-2022
4250;12-10-2022
4251;09-08-2022
4252;09-01-2022
4253;29-06-2022
4254;19-12-2022
4255;12-04-2023
4256;25-11-2021
4257;26-10-2022
4258;07-04-2023
4259;06-04-2023
4260;24-08-2022
4261;09-09-2023
4262;20-03-2022
4263;07-09-2023
4264;09-07-2023
4265;19-12-2022
4266;30-11-2021
4267;01-06-2022
4268;22-01-2023
4269;25-11-2022
4270;15-09-2023
4271;26-02-2022
4272;25-03-2023
4273;22-05-2023
4274;21-11-2021
4275;22-09-2023
4276;20-05-2022
4277;17-02-2023
4278;18-02-2022
4279;04-11-2022
4280;27-12-2022
4281;13-05-2022
4282;15-01-2022
4283;06-06-2023
4284;23-08-2023
4285;04-03-2023
4286;19-04-2022
4287;10-07-2022
4288;18-11-2021
4289;05-12-2022
4290;26-07-2022
4291;08-11-2022
4292;14-07-2023
4293;07-07-2025
4294;14-06-2022
4295;14-12-2021
4296;23-07-2022
4297;03-09-2022
4298;17-07-2023
4299;24-08-2023
4300;26-09-2023
4301;30-06-2023
4302;08-02-2023
4303;20-01-2022
4304;14-09-2022
4305;17-04-2023
4306;05-08-2022
4307;10-08-2023
4308;24-12-2022
4309;22-09-2023
4310;21-09-2023
4311;31-01-2022
4312;18-10-2021
4313;20-04-2022
4314;11-01-2022
4315;21-07-2022
4316;20-06-2023
4317;04-07-2023
4318;22-05-2022
4319;25-07-2022
4320;05-09-2023
4321;16-10-2021
4322;22-04-2022
4323;14-12-2022
4324;31-03-2023
4325;06-11-2022
4326;08-08-2023
4327;24-07-2023
4328;02-01-2023
4329;18-04-2022
4330;28-07-2022
4331;30-06-2022
4332;22-03-2023
4333;08-01-2023
4334;06-08-2022
4335;08-04-2022
4336;19-08-2023
4337;01-12-2021
4338;29-03-2022
4339;24-10-2022
4340;30-04-2022
4341;10-07-2023
4342;07-05-2023
4343;31-10-2021
4344;13-03-2022
4345;08-02-2022
4346;23-04-2023
4347;16-08-2022
4348;17-12-2022
4349;07-08-2022
4350;01-10-2021
4351;17-04-2022
4352;02-01-2024
4353;02-07-2023
4354;08-09-2023
4355;31-01-2022
4356;14-08-2022
4357;14-08-2022
4358;03-11-2021
4359;21-09-2022
4360;29-05-2022
4361;09-09-2023
4362;02-12-2023
4363;10-02-2023
4364;21-01-2023
4365;10-04-2022
4366;06-11-2022
4367;17-04-2022
4368;03-10-2022
4369;05-11-2022
4370;10-10-2022
4371;17-01-2023
4372;28-08-2022
4373;10-05-2023
4374;07-01-2022
4375;24-10-2022
4376;22-06-2022
4377;10-06-2023
4378;25-04-2022
4379;04-10-2022
4380;12-07-2023
4381;09-12-2021
4382;31-03-2023
4383;02-12-2022
4384;18-06-2023
4385;04-11-2022
4386;30-05-2023
4387;18-06-2023
4388;20-10-2021
4389;05-12-2021
4390;16-09-2023
4391;07-06-2023
4392;02-03-2022
4393;07-09-2022
4394;07-09-2022
4395;04-03-2023
4396;09-10-2024
4397;02-06-2022
4398;22-07-2023
4399;18-12-2022
4400;14-04-2023
4401;03-10-2022
4402;12-10-2021
4403;21-06-2023
4404;21-02-2022
4405;02-04-2024
4406;07-06-2023
4407;12-10-2022
4408;26-08-2022
4409;06-12-2021
4410;12-08-2023
4411;22-01-2023
4412;20-12-2021
4413;27-11-2022
4414;10-04-2022
4415;02-07-2022
4416;13-05-2022
4417;25-06-2022
4418;03-05-2022
4419;14-11-2022
4420;09-01-2022
4421;10-04-2022
4422;06-02-2023
4423;01-05-2022
4424;24-02-2023
4425;14-10-2021
4426;08-11-2022
4427;14-03-2022
4428;16-11-2022
4429;28-10-2022
4430;30-01-2023
4431;04-01-2023
4432;02-08-2023
4433;22-04-2022
4434;31-03-2022
4435;09-08-2024
4436;12-12-2022
4437;30-03-2022
4438;07-08-2023
4439;23-11-2021
4440;18-08-2023
4441;16-10-2022
4442;14-11-2021
4443;01-04-2023
4444;01-05-2023
4445;03-10-2022
4446;13-09-2022
4447;10-06-2022
4448;20-09-2023
4449;07-02-2023
4450;14-04-2023
4451;26-05-2022
4452;23-08-2023
4453;30-05-2022
4454;10-06-2022
4455;08-02-2022
4456;29-10-2022
4457;25-02-2023
4458;03-07-2022
4459;09-11-2021
4460;06-03-2022
4461;16-02-2022
4462;28-03-2022
4463;05-09-2023
4464;18-02-2023
4465;15-11-2022
4466;06-12-2022
4467;30-11-2021
4468;10-03-2023
4469;09-02-2022
4470;28-11-2022
4471;05-03-2023
4472;24-02-2023
4473;17-04-2022
4474;28-01-2023
4475;19-12-2022
4476;18-04-2023
4477;24-12-2022
4478;07-07-2022
4479;30-03-2023
4480;04-10-2022
4481;26-03-2023
4482;17-07-2023
4483;11-10-2022
4484;21-04-2022
4485;08-10-2021
4486;18-09-2023
4487;14-09-2023
4488;10-05-2023
4489;27-01-2023
4490;05-11-2021
4491;27-05-2023
4492;20-03-2023
4493;20-01-2022
4494;03-04-2023
4495;03-04-2022
4496;04-07-2022
4497;03-06-2022
4498;28-09-2022
4499;08-04-2023
4500;23-05-2022
4501;09-04-2023
4502;17-03-2022
4503;17-10-2021
4504;29-06-2022
4505;27-09-2023
4506;25-01-2023
4507;18-07-2023
4508;22-11-2022
4509;13-05-2022
4510;01-10-2023
4511;02-10-2021
4512;11-04-2023
4513;09-06-2023
4514;01-10-2021
4515;10-01-2023
4516;05-12-2022
4517;16-03-2022
4518;12-04-2022
4519;01-11-2021
4520;20-08-2023
4521;12-09-2022
4522;27-04-2022
4523;03-08-2023
4524;05-04-2023
4525;07-12-2022
4526;22-01-2023
4527;17-04-2023
4528;16-07-2022
4529;29-03-2022
4530;31-10-2022
4531;26-12-2022
4532;07-05-2023
4533;29-05-2023
4534;15-09-2023
4535;02-12-2022
4536;25-01-2023
4537;11-06-2022
4538;06-07-2022
4539;16-05-2022
4540;09-10-2023
4541;02-06-2023
4542;12-07-2022
4543;28-06-2022
4544;29-06-2023
4545;05-02-2022
4546;07-08-2023
4547;02-10-2021
4548;21-05-2023
4549;24-04-2023
4550;17-05-2022
4551;14-08-2023
4552;12-03-2023
4553;19-12-2022
4554;13-07-2023
4555;28-05-2022
4556;29-04-2022
4557;03-05-2025
4558;30-09-2021
4559;23-07-2023
4560;17-07-2023
4561;22-05-2023
4562;07-06-2023
4563;12-12-2021
4564;24-07-2023
4565;17-02-2023
4566;12-10-2021
4567;25-05-2023
4568;14-04-2022
4569;08-09-2023
4570;18-02-2022
4571;07-05-2023
4572;17-08-2023
4573;02-05-2023
4574;05-01-2022
4575;03-11-2022
4576;24-07-2023
4577;28-07-2022
4578;02-11-2022
4579;23-12-2022
4580;28-03-2023
4581;24-07-2023
4582;09-04-2022
4583;05-06-2022
4584;16-02-2023
4585;10-09-2023
4586;29-07-2022
4587;30-05-2022
4588;17-12-2021
4589;17-08-2022
4590;21-06-2023
4591;11-06-2022
4592;14-01-2023
4593;06-12-2021
4594;22-03-2022
4595;13-11-2021
4596;18-01-2022
4597;05-06-2022
4598;10-01-2022
4599;02-04-2023
4600;24-10-2021
4601;31-07-2022
4602;09-01-2024
4603;18-05-2022
4604;17-08-2023
4605;06-06-2022
4606;07-01-2022
4607;27-03-2022
4608;17-06-2023
4609;07-03-2022
4610;30-04-2023
4611;20-07-2023
4612;08-09-2022
4613;30-05-2022
4614;10-01-2022
4615;04-01-2023
4616;04-11-2021
4617;10-03-2022
4618;08-02-2022
4619;21-12-2022
4620;25-11-2022
4621;18-09-2023
4622;16-11-2021
4623;11-04-2022
4624;06-06-2022
4625;22-02-2023
4626;23-04-2022
4627;09-10-2021
4628;19-03-2023
4629;29-09-2022
4630;16-09-2022
4631;07-11-2021
4632;15-03-2023
4633;05-11-2021
4634;13-11-2022
4635;19-01-2022
4636;25-10-2022
4637;27-08-2022
4638;04-06-2022
4639;03-08-2022
4640;19-04-2022
4641;18-08-2023
4642;29-04-2022
4643;11-05-2022
4644;11-09-2022
4645;25-09-2023
4646;01-07-2023
4647;02-01-2025
4648;09-09-2023
4649;29-05-2023
4650;02-02-2022
4651;07-06-2022
4652;27-10-2021
4653;11-01-2022
4654;10-12-2022
4655;30-11-2021
4656;24-02-2023
4657;01-01-2023
4658;04-01-2023
4659;12-01-2023
4660;29-06-2023
4661;10-03-2022
4662;03-05-2022
4663;13-09-2022
4664;21-06-2023
4665;28-03-2022
4666;21-11-2022
4667;30-06-2022
4668;20-11-2022
4669;04-11-2024
4670;09-01-2022
4671;16-05-2022
4672;04-04-2023
4673;20-02-2023
4674;18-12-2022
4675;30-06-2022
4676;05-04-2022
4677;26-10-2022
4678;27-11-2022
4679;04-04-2023
4680;05-07-2023
4681;08-03-2023
4682;02-10-2021
4683;28-12-2022
4684;05-09-2022
4685;29-07-2023
4686;29-05-2022
4687;10-03-2023
4688;12-06-2023
4689;22-07-2022
4690;17-10-2022
4691;01-03-2022
4692;02-06-2022
4693;26-12-2022
4694;13-09-2023
4695;20-11-2021
4696;04-08-2023
4697;05-12-2021
4698;15-03-2023
4699;29-10-2022
4700;01-11-2021
4701;08-05-2023
4702;10-01-2023
4703;17-10-2022
4704;20-07-2022
4705;28-10-2022
4706;09-01-2022
4707;05-11-2022
4708;01-03-2023
4709;11-03-2024
4710;19-01-2023
4711;28-09-2023
4712;06-03-2022
4713;07-06-2022
4714;11-11-2021
4715;31-03-2023
4716;27-11-2021
4717;04-05-2022
4718;28-01-2023
4719;25-07-2023
4720;24-11-2022
4721;04-02-2023
4722;27-10-2022
4723;22-11-2022
4724;07-08-2023
4725;03-02-2022
4726;21-09-2023
4727;05-11-2022
4728;24-09-2023
4729;18-10-2022
4730;14-03-2023
4731;30-07-2023
4732;19-10-2021
4733;25-12-2021
4734;26-11-2022
4735;16-11-2021
4736;10-01-2023
4737;30-06-2023
4738;03-12-2022
4739;10-10-2022
4740;26-05-2023
4741;17-03-2022
4742;18-07-2022
4743;15-03-2022
4744;11-11-2021
4745;09-07-2023
4746;20-08-2022
4747;08-01-2023
4748;04-12-2022
4749;25-08-2023
4750;05-04-2023
4751;20-09-2022
4752;07-02-2023
4753;12-11-2022
4754;20-12-2021
4755;07-04-2023
4756;19-07-2023
4757;06-02-2025
4758;08-11-2021
4759;27-03-2022
4760;19-09-2022
4761;17-05-2023
4762;27-11-2021
4763;09-10-2021
4764;15-04-2022
4765;15-09-2023
4766;05-02-2024
4767;29-03-2023
4768;07-12-2021
4769;28-07-2022
4770;29-01-2022
4771;25-05-2022
4772;01-07-2024
4773;01-07-2022
4774;18-05-2022
4775;04-09-2022
4776;27-06-2022
4777;03-11-2021
4778;07-12-2021
4779;26-04-2022
4780;28-02-2023
4781;17-11-2022
4782;31-05-2023
4783;19-03-2022
4784;04-05-2023
4785;16-11-2021
4786;25-01-2022
4787;23-05-2023
4788;11-04-2021
4789;15-05-2023
4790;23-09-2022
4791;10-09-2023
4792;17-11-2022
4793;01-04-2022
4794;04-07-2023
4795;07-08-2023
4796;13-12-2021
4797;14-09-2022
4798;21-05-2022
4799;10-07-2023
4800;07-03-2023
4801;11-08-2022
4802;22-08-2023
4803;07-07-2023
4804;17-05-2022
4805;25-12-2021
4806;26-03-2023
4807;15-06-2022
4808;19-05-2023
4809;19-06-2023
4810;21-05-2022
4811;17-03-2022
4812;25-10-2022
4813;07-10-2023
4814;16-04-2022
4815;11-06-2023
4816;15-06-2023
4817;29-01-2022
4818;08-11-2021
4819;22-06-2022
4820;16-07-2023
4821;13-10-2022
4822;06-02-2024
4823;29-07-2022
4824;13-09-2022
4825;29-10-2022
4826;07-05-2022
4827;08-06-2022
4828;23-06-2022
4829;05-10-2022
4830;08-05-2024
4831;07-02-2022
4832;21-05-2022
4833;24-03-2023
4834;16-01-2022
4835;14-02-2022
4836;07-07-2023
4837;04-02-2023
4838;09-06-2023
4839;25-02-2023
4840;02-10-2021
4841;06-08-2022
4842;25-07-2022
4843;19-10-2021
4844;19-03-2022
4845;20-08-2023
4846;04-04-2023
4847;19-02-2022
4848;19-08-2023
4849;01-01-2022
4850;21-03-2023
4851;27-05-2022
4852;06-05-2023
4853;14-11-2021
4854;27-06-2023
4855;19-01-2022
4856;23-06-2023
4857;18-08-2023
4858;14-10-2022
4859;20-09-2023
4860;01-10-2021
4861;18-03-2022
4862;23-09-2022
4863;06-05-2023
4864;20-12-2021
4865;28-02-2023
4866;02-06-2022
4867;02-10-2022
4868;04-03-2022
4869;04-10-2022
4870;23-03-2022
4871;25-09-2022
4872;01-06-2023
4873;06-06-2022
4874;06-02-2022
4875;03-02-2024
4876;23-11-2021
4877;12-03-2022
4878;10-04-2021
4879;12-03-2023
4880;04-07-2023
4881;17-12-2021
4882;15-04-2023
4883;01-06-2022
4884;15-05-2022
4885;16-05-2023
4886;18-12-2021
4887;22-09-2022
4888;06-08-2023
4889;16-02-2022
4890;11-03-2022
4891;19-07-2023
4892;17-11-2022
4893;15-11-2022
4894;08-09-2022
4895;22-06-2023
4896;23-03-2022
4897;22-06-2023
4898;11-12-2021
4899;23-07-2022
4900;21-08-2022
4901;27-01-2023
4902;19-02-2023
4903;05-08-2023
4904;26-08-2023
4905;23-04-2023
4906;11-11-2023
4907;29-12-2021
4908;20-09-2022
4909;03-01-2023
4910;09-05-2023
4911;07-03-2023
4912;22-04-2022
4913;14-08-2022
4914;21-11-2022
4915;30-11-2022
4916;10-06-2022
4917;12-06-2022
4918;25-10-2022
4919;10-06-2022
4920;18-05-2023
4921;29-07-2023
4922;29-07-2023
4923;01-09-2024
4924;03-03-2023
4925;17-01-2022
4926;20-02-2022
4927;16-06-2023
4928;20-11-2021
4929;21-08-2022
4930;26-11-2021
4931;23-07-2023
4932;14-08-2023
4933;10-05-2022
4934;02-05-2022
4935;04-07-2023
4936;01-06-2023
4937;08-03-2023
4938;09-09-2022
4939;20-12-2022
4940;04-09-2022
4941;10-02-2022
4942;28-03-2023
4943;29-04-2023
4944;18-09-2023
4945;13-08-2023
4946;13-03-2023
4947;07-11-2022
4948;09-12-2021
4949;22-06-2022
4950;23-03-2022
4951;23-11-2022
4952;29-07-2023
4953;15-07-2023
4954;08-04-2022
4955;16-09-2022
4956;28-10-2021
4957;07-07-2022
4958;06-08-2022
4959;27-04-2022
4960;28-07-2022
4961;27-03-2022
4962;22-11-2022
4963;25-04-2022
4964;15-07-2023
4965;02-09-2023
4966;22-11-2021
4967;10-05-2022
4968;03-06-2023
4969;26-06-2023
4970;11-06-2022
4971;24-04-2022
4972;07-02-2023
4973;31-05-2023
4974;30-03-2023
4975;27-07-2022
4976;06-09-2024
4977;14-02-2022
4978;06-08-2023
4979;10-01-2022
4980;30-04-2022
4981;01-02-2023
4982;07-07-2022
4983;24-11-2021
4984;05-11-2023
4985;09-12-2021
4986;25-04-2022
4987;12-12-2022
4988;21-07-2023
4989;04-11-2022
4990;18-07-2023
4991;11-09-2022
4992;18-02-2022
4993;29-09-2021
4994;15-11-2021
4995;25-03-2023
4996;16-05-2023
4997;09-09-2023
4998;03-12-2022
4999;06-10-2022
5000;24-08-2023
5001;24-08-2023
5002;24-08-2023
5003;24-08-2023
5004;24-08-2023
5005;24-08-2023
5006;24-08-2023
5007;24-08-2023
5008;24-08-2023
5009;24-08-2023
5010;24-08-2023
